selection_rank,sampling_seed,project,pool,project_order,pinned_commit,source_file,source_file_sha256,function_id,function_name,ordinal,eligibility_status,exclusion_reason,return_type,argument_count,argument_types,signature,declared_audit_domain,domain_size,source_sha256,ast_node_count,cyclomatic_complexity,branch_count,loop_count,switch_presence,lookup_table_access,bitwise_operation_count,comparison_count,character_literal_count,integer_literal_count,multiple_interacting_arguments,switch_like_categorical_behavior
1,2026070701,jansson,primary,2,,src/utf.c,a281664866713de4c8199e03fd34b69a9ff4388a65c4e17af42d0d0463fb4851,jansson::src_utf.c::utf8_check_first::0002::bd274d85b99c,utf8_check_first,2,selected,selected,size_t,1,char,size_t utf8_check_first(char byte),"[{""count"": 128, ""max"": 127, ""min"": 0, ""name"": ""byte"", ""type"": ""char"", ""values"": [0, 1, 2, 3, 4, 5, 6, 7, 8, 9, 10, 11, 12, 13, 14, 15, 16, 17, 18, 19, 20, 21, 22, 23, 24, 25, 26, 27, 28, 29, 30, 31, 32, 33, 34, 35, 36, 37, 38, 39, 40, 41, 42, 43, 44, 45, 46, 47, 48, 49, 50, 51, 52, 53, 54, 55, 56, 57, 58, 59, 60, 61, 62, 63, 64, 65, 66, 67, 68, 69, 70, 71, 72, 73, 74, 75, 76, 77, 78, 79, 80, 81, 82, 83, 84, 85, 86, 87, 88, 89, 90, 91, 92, 93, 94, 95, 96, 97, 98, 99, 100, 101, 102, 103, 104, 105, 106, 107, 108, 109, 110, 111, 112, 113, 114, 115, 116, 117, 118, 119, 120, 121, 122, 123, 124, 125, 126, 127]}]",128,cd7a40057e940b824dc18e69012e0ee3a9d035487849a923365c62bafc050b83,11,12,6,0,0,0,0,11,0,18,0,0
2,2026070701,lz4,primary,4,,ossfuzz/fuzz_data_producer.c,a12393758430ea5c2d1ec51118d9fc74e0c55444072a83adc00feb6037c888e0,lz4::ossfuzz_fuzz_data_producer.c::FUZZ_getRange_from_uint32::0002::6013176dac9a,FUZZ_getRange_from_uint32,2,selected,selected,uint32_t,3,uint32_t;uint32_t;uint32_t,"uint32_t FUZZ_getRange_from_uint32(uint32_t seed, uint32_t min, uint32_t max)","[{""count"": 16, ""max"": 15, ""min"": 0, ""name"": ""seed"", ""type"": ""uint32_t"", ""values"": [0, 1, 2, 3, 4, 5, 6, 7, 8, 9, 10, 11, 12, 13, 14, 15]}, {""count"": 16, ""max"": 15, ""min"": 0, ""name"": ""min"", ""type"": ""uint32_t"", ""values"": [0, 1, 2, 3, 4, 5, 6, 7, 8, 9, 10, 11, 12, 13, 14, 15]}, {""count"": 16, ""max"": 15, ""min"": 0, ""name"": ""max"", ""type"": ""uint32_t"", ""values"": [0, 1, 2, 3, 4, 5, 6, 7, 8, 9, 10, 11, 12, 13, 14, 15]}]",4096,9fb5729f5840344bab44b4656b188fd62e5d655cb2a9377d07bb74a419468384,11,2,1,0,0,0,0,1,0,3,1,0
3,2026070701,zstd,primary,5,,lib/dictBuilder/divsufsort.c,ecd9b662bb0393d596a97cd35faebbd91cd6efc1c9ce0027ad41f5d73a69cb57,zstd::lib_dictBuilder_divsufsort.c::tr_ilg::0004::605a23eee9d0,tr_ilg,4,selected,selected,int,1,int,int tr_ilg(int n),"[{""count"": 128, ""max"": 63, ""min"": -64, ""name"": ""n"", ""type"": ""int"", ""values"": [-64, -63, -62, -61, -60, -59, -58, -57, -56, -55, -54, -53, -52, -51, -50, -49, -48, -47, -46, -45, -44, -43, -42, -41, -40, -39, -38, -37, -36, -35, -34, -33, -32, -31, -30, -29, -28, -27, -26, -25, -24, -23, -22, -21, -20, -19, -18, -17, -16, -15, -14, -13, -12, -11, -10, -9, -8, -7, -6, -5, -4, -3, -2, -1, 0, 1, 2, 3, 4, 5, 6, 7, 8, 9, 10, 11, 12, 13, 14, 15, 16, 17, 18, 19, 20, 21, 22, 23, 24, 25, 26, 27, 28, 29, 30, 31, 32, 33, 34, 35, 36, 37, 38, 39, 40, 41, 42, 43, 44, 45, 46, 47, 48, 49, 50, 51, 52, 53, 54, 55, 56, 57, 58, 59, 60, 61, 62, 63]}]",128,10d879ce1899bc5e9843adc365449e7d6a3d5c7503ce660e490302dacdd620a9,11,4,3,0,0,1,11,0,0,15,0,0
4,2026070701,zstd,primary,5,,lib/legacy/zstd_v05.c,66609cb879b179839e502dbde21c7b2a9739ff29d266d1e3f8fc0be3cb076acb,zstd::lib_legacy_zstd_v05.c::FSEv05_abs::0002::5301e5508968,FSEv05_abs,2,selected,selected,short,1,short,short FSEv05_abs(short a),"[{""count"": 128, ""max"": 63, ""min"": -64, ""name"": ""a"", ""type"": ""short"", ""values"": [-64, -63, -62, -61, -60, -59, -58, -57, -56, -55, -54, -53, -52, -51, -50, -49, -48, -47, -46, -45, -44, -43, -42, -41, -40, -39, -38, -37, -36, -35, -34, -33, -32, -31, -30, -29, -28, -27, -26, -25, -24, -23, -22, -21, -20, -19, -18, -17, -16, -15, -14, -13, -12, -11, -10, -9, -8, -7, -6, -5, -4, -3, -2, -1, 0, 1, 2, 3, 4, 5, 6, 7, 8, 9, 10, 11, 12, 13, 14, 15, 16, 17, 18, 19, 20, 21, 22, 23, 24, 25, 26, 27, 28, 29, 30, 31, 32, 33, 34, 35, 36, 37, 38, 39, 40, 41, 42, 43, 44, 45, 46, 47, 48, 49, 50, 51, 52, 53, 54, 55, 56, 57, 58, 59, 60, 61, 62, 63]}]",128,dad2df9f6dfc97a512dcaadba18a06a65da4cc086f6e98323dcfabf0234516ef,11,2,1,0,0,0,0,1,0,1,0,0
5,2026070701,zstd,primary,5,,programs/util.c,4b025cddfe9f4eca99ce64ebad2307be4167e57f353a609df03bd05f5763c6ea,zstd::programs_util.c::UTIL_countCores::0042::c5d24f6b3f7a,UTIL_countCores,42,selected,selected,int,1,int,int UTIL_countCores(int logical),"[{""count"": 128, ""max"": 63, ""min"": -64, ""name"": ""logical"", ""type"": ""int"", ""values"": [-64, -63, -62, -61, -60, -59, -58, -57, -56, -55, -54, -53, -52, -51, -50, -49, -48, -47, -46, -45, -44, -43, -42, -41, -40, -39, -38, -37, -36, -35, -34, -33, -32, -31, -30, -29, -28, -27, -26, -25, -24, -23, -22, -21, -20, -19, -18, -17, -16, -15, -14, -13, -12, -11, -10, -9, -8, -7, -6, -5, -4, -3, -2, -1, 0, 1, 2, 3, 4, 5, 6, 7, 8, 9, 10, 11, 12, 13, 14, 15, 16, 17, 18, 19, 20, 21, 22, 23, 24, 25, 26, 27, 28, 29, 30, 31, 32, 33, 34, 35, 36, 37, 38, 39, 40, 41, 42, 43, 44, 45, 46, 47, 48, 49, 50, 51, 52, 53, 54, 55, 56, 57, 58, 59, 60, 61, 62, 63]}]",128,0b2248f4781da2c71bf0e8839d2f6316ddafe32beb4390e57f0b2ad0e3cf6f67,11,1,0,0,0,0,0,0,0,1,0,0
6,2026070701,zstd,primary,5,,lib/compress/huf_compress.c,d213b5f8d1e9f5c52df38c432597a00cf046869910993f3a1a22b620f85b31a7,zstd::lib_compress_huf_compress.c::HUF_tightCompressBound::0020::3972f2d122f6,HUF_tightCompressBound,20,selected,selected,size_t,2,size_t;size_t,"size_t HUF_tightCompressBound(size_t srcSize, size_t tableLog)","[{""count"": 64, ""max"": 63, ""min"": 0, ""name"": ""srcSize"", ""type"": ""size_t"", ""values"": [0, 1, 2, 3, 4, 5, 6, 7, 8, 9, 10, 11, 12, 13, 14, 15, 16, 17, 18, 19, 20, 21, 22, 23, 24, 25, 26, 27, 28, 29, 30, 31, 32, 33, 34, 35, 36, 37, 38, 39, 40, 41, 42, 43, 44, 45, 46, 47, 48, 49, 50, 51, 52, 53, 54, 55, 56, 57, 58, 59, 60, 61, 62, 63]}, {""count"": 64, ""max"": 63, ""min"": 0, ""name"": ""tableLog"", ""type"": ""size_t"", ""values"": [0, 1, 2, 3, 4, 5, 6, 7, 8, 9, 10, 11, 12, 13, 14, 15, 16, 17, 18, 19, 20, 21, 22, 23, 24, 25, 26, 27, 28, 29, 30, 31, 32, 33, 34, 35, 36, 37, 38, 39, 40, 41, 42, 43, 44, 45, 46, 47, 48, 49, 50, 51, 52, 53, 54, 55, 56, 57, 58, 59, 60, 61, 62, 63]}]",4096,383551f5d22b5b0690934eedc4c52aa75a8b4275c3788b1b546d8182fcb39eae,11,1,0,0,0,0,1,0,0,2,1,0
7,2026070701,zstd,primary,5,,lib/compress/zstd_compress.c,645d6c6a7b94fa6cc7d0baea51dfa355dc0e436bc074ff2ddf08cf3e53d35fe1,zstd::lib_compress_zstd_compress.c::ZSTD_resolveExternalSequenceValidation::0010::bc098e5a07df,ZSTD_resolveExternalSequenceValidation,10,selected,selected,int,1,int,int ZSTD_resolveExternalSequenceValidation(int mode),"[{""count"": 128, ""max"": 63, ""min"": -64, ""name"": ""mode"", ""type"": ""int"", ""values"": [-64, -63, -62, -61, -60, -59, -58, -57, -56, -55, -54, -53, -52, -51, -50, -49, -48, -47, -46, -45, -44, -43, -42, -41, -40, -39, -38, -37, -36, -35, -34, -33, -32, -31, -30, -29, -28, -27, -26, -25, -24, -23, -22, -21, -20, -19, -18, -17, -16, -15, -14, -13, -12, -11, -10, -9, -8, -7, -6, -5, -4, -3, -2, -1, 0, 1, 2, 3, 4, 5, 6, 7, 8, 9, 10, 11, 12, 13, 14, 15, 16, 17, 18, 19, 20, 21, 22, 23, 24, 25, 26, 27, 28, 29, 30, 31, 32, 33, 34, 35, 36, 37, 38, 39, 40, 41, 42, 43, 44, 45, 46, 47, 48, 49, 50, 51, 52, 53, 54, 55, 56, 57, 58, 59, 60, 61, 62, 63]}]",128,163f635f746b2c1399a98e42b6b3eadf9d66693709e86d508b3bf2e4569ed17f,11,1,0,0,0,0,0,0,0,0,0,0
8,2026070701,zstd,primary,5,,lib/legacy/zstd_v07.c,ae9f3c0a440b0f61d0ce44b06ee7ed3d256e10f3cb7dbbd9834d6c13625ac944,zstd::lib_legacy_zstd_v07.c::FSEv07_abs::0001::99911172ff45,FSEv07_abs,1,selected,selected,short,1,short,short FSEv07_abs(short a),"[{""count"": 128, ""max"": 63, ""min"": -64, ""name"": ""a"", ""type"": ""short"", ""values"": [-64, -63, -62, -61, -60, -59, -58, -57, -56, -55, -54, -53, -52, -51, -50, -49, -48, -47, -46, -45, -44, -43, -42, -41, -40, -39, -38, -37, -36, -35, -34, -33, -32, -31, -30, -29, -28, -27, -26, -25, -24, -23, -22, -21, -20, -19, -18, -17, -16, -15, -14, -13, -12, -11, -10, -9, -8, -7, -6, -5, -4, -3, -2, -1, 0, 1, 2, 3, 4, 5, 6, 7, 8, 9, 10, 11, 12, 13, 14, 15, 16, 17, 18, 19, 20, 21, 22, 23, 24, 25, 26, 27, 28, 29, 30, 31, 32, 33, 34, 35, 36, 37, 38, 39, 40, 41, 42, 43, 44, 45, 46, 47, 48, 49, 50, 51, 52, 53, 54, 55, 56, 57, 58, 59, 60, 61, 62, 63]}]",128,51b2ab69f1d69ce443e0784be445b5d9f03684db5ef06310fce8c523e16295de,11,2,1,0,0,0,0,1,0,1,0,0
9,2026070701,zstd,primary,5,,lib/legacy/zstd_v06.c,fe13f980e65841ae053bb308f305dad4ebc523c0b4358cdc19d83d7e00398aad,zstd::lib_legacy_zstd_v06.c::FSEv06_abs::0001::5b4b5ea74745,FSEv06_abs,1,selected,selected,short,1,short,short FSEv06_abs(short a),"[{""count"": 128, ""max"": 63, ""min"": -64, ""name"": ""a"", ""type"": ""short"", ""values"": [-64, -63, -62, -61, -60, -59, -58, -57, -56, -55, -54, -53, -52, -51, -50, -49, -48, -47, -46, -45, -44, -43, -42, -41, -40, -39, -38, -37, -36, -35, -34, -33, -32, -31, -30, -29, -28, -27, -26, -25, -24, -23, -22, -21, -20, -19, -18, -17, -16, -15, -14, -13, -12, -11, -10, -9, -8, -7, -6, -5, -4, -3, -2, -1, 0, 1, 2, 3, 4, 5, 6, 7, 8, 9, 10, 11, 12, 13, 14, 15, 16, 17, 18, 19, 20, 21, 22, 23, 24, 25, 26, 27, 28, 29, 30, 31, 32, 33, 34, 35, 36, 37, 38, 39, 40, 41, 42, 43, 44, 45, 46, 47, 48, 49, 50, 51, 52, 53, 54, 55, 56, 57, 58, 59, 60, 61, 62, 63]}]",128,121f5bcbf17c3dca66ebd393859de8d7b6afe01664380abf7a1202af21f3426c,11,2,1,0,0,0,0,1,0,1,0,0
10,2026070701,zstd,primary,5,,programs/benchzstd.c,50b424a7b8f93344d52cfe9e34b0b61a14051f67fe9cd047c5f5913f3bd618fa,zstd::programs_benchzstd.c::uintSize::0001::0ff5b2068d53,uintSize,1,selected,selected,size_t,1,unsigned int,size_t uintSize(unsigned int value),"[{""count"": 128, ""max"": 127, ""min"": 0, ""name"": ""value"", ""type"": ""unsigned int"", ""values"": [0, 1, 2, 3, 4, 5, 6, 7, 8, 9, 10, 11, 12, 13, 14, 15, 16, 17, 18, 19, 20, 21, 22, 23, 24, 25, 26, 27, 28, 29, 30, 31, 32, 33, 34, 35, 36, 37, 38, 39, 40, 41, 42, 43, 44, 45, 46, 47, 48, 49, 50, 51, 52, 53, 54, 55, 56, 57, 58, 59, 60, 61, 62, 63, 64, 65, 66, 67, 68, 69, 70, 71, 72, 73, 74, 75, 76, 77, 78, 79, 80, 81, 82, 83, 84, 85, 86, 87, 88, 89, 90, 91, 92, 93, 94, 95, 96, 97, 98, 99, 100, 101, 102, 103, 104, 105, 106, 107, 108, 109, 110, 111, 112, 113, 114, 115, 116, 117, 118, 119, 120, 121, 122, 123, 124, 125, 126, 127]}]",128,87c8ccdf4e66dfd95934bc89359d1b3fe7f50759bb1447bfe8c12d67a73f93b5,11,2,0,1,0,0,0,1,0,3,0,0
11,2026070701,zstd,primary,5,,lib/legacy/zstd_v04.c,83dbc95774c6e7e318a278ff49e3d4c66768230749effc300f0f17107fbdcb33,zstd::lib_legacy_zstd_v04.c::FSE_abs::0002::304e26254a8e,FSE_abs,2,selected,selected,short,1,short,short FSE_abs(short a),"[{""count"": 128, ""max"": 63, ""min"": -64, ""name"": ""a"", ""type"": ""short"", ""values"": [-64, -63, -62, -61, -60, -59, -58, -57, -56, -55, -54, -53, -52, -51, -50, -49, -48, -47, -46, -45, -44, -43, -42, -41, -40, -39, -38, -37, -36, -35, -34, -33, -32, -31, -30, -29, -28, -27, -26, -25, -24, -23, -22, -21, -20, -19, -18, -17, -16, -15, -14, -13, -12, -11, -10, -9, -8, -7, -6, -5, -4, -3, -2, -1, 0, 1, 2, 3, 4, 5, 6, 7, 8, 9, 10, 11, 12, 13, 14, 15, 16, 17, 18, 19, 20, 21, 22, 23, 24, 25, 26, 27, 28, 29, 30, 31, 32, 33, 34, 35, 36, 37, 38, 39, 40, 41, 42, 43, 44, 45, 46, 47, 48, 49, 50, 51, 52, 53, 54, 55, 56, 57, 58, 59, 60, 61, 62, 63]}]",128,7ef63a4767b08014a58d3b37a56e55da9945af748b09faea053b33e6a1357418,11,2,1,0,0,0,0,1,0,1,0,0
12,2026070701,cmark,primary,9,,src/blocks.c,5eb778a48ce457725a6091d02e1fb76aa30c61d0cf0e7c8630178097713612b2,cmark::src_blocks.c::S_is_line_end_char::0003::e1c0916cba9b,S_is_line_end_char,3,selected,selected,bool,1,char,bool S_is_line_end_char(char c),"[{""count"": 128, ""max"": 127, ""min"": 0, ""name"": ""c"", ""type"": ""char"", ""values"": [0, 1, 2, 3, 4, 5, 6, 7, 8, 9, 10, 11, 12, 13, 14, 15, 16, 17, 18, 19, 20, 21, 22, 23, 24, 25, 26, 27, 28, 29, 30, 31, 32, 33, 34, 35, 36, 37, 38, 39, 40, 41, 42, 43, 44, 45, 46, 47, 48, 49, 50, 51, 52, 53, 54, 55, 56, 57, 58, 59, 60, 61, 62, 63, 64, 65, 66, 67, 68, 69, 70, 71, 72, 73, 74, 75, 76, 77, 78, 79, 80, 81, 82, 83, 84, 85, 86, 87, 88, 89, 90, 91, 92, 93, 94, 95, 96, 97, 98, 99, 100, 101, 102, 103, 104, 105, 106, 107, 108, 109, 110, 111, 112, 113, 114, 115, 116, 117, 118, 119, 120, 121, 122, 123, 124, 125, 126, 127]}]",128,ef2e433184824c0e40d12c68211effbc0fb693219204b2f64a0fd407342bb20b,11,2,0,0,0,0,0,2,2,0,0,0
13,2026070701,cmark,primary,9,,src/inlines.c,d5deda1fdcf099560452c8f1c8a0a75532f89dce0e8157485e19447fdfa0fc7f,cmark::src_inlines.c::isbacktick::0002::34658eefdb9c,isbacktick,2,selected,selected,int,1,int,int isbacktick(int c),"[{""count"": 128, ""max"": 63, ""min"": -64, ""name"": ""c"", ""type"": ""int"", ""values"": [-64, -63, -62, -61, -60, -59, -58, -57, -56, -55, -54, -53, -52, -51, -50, -49, -48, -47, -46, -45, -44, -43, -42, -41, -40, -39, -38, -37, -36, -35, -34, -33, -32, -31, -30, -29, -28, -27, -26, -25, -24, -23, -22, -21, -20, -19, -18, -17, -16, -15, -14, -13, -12, -11, -10, -9, -8, -7, -6, -5, -4, -3, -2, -1, 0, 1, 2, 3, 4, 5, 6, 7, 8, 9, 10, 11, 12, 13, 14, 15, 16, 17, 18, 19, 20, 21, 22, 23, 24, 25, 26, 27, 28, 29, 30, 31, 32, 33, 34, 35, 36, 37, 38, 39, 40, 41, 42, 43, 44, 45, 46, 47, 48, 49, 50, 51, 52, 53, 54, 55, 56, 57, 58, 59, 60, 61, 62, 63]}]",128,8aba8ce627c5ceb1cb05dd6b2c7c8d82e8ccae2267f91249496a48febc60100e,11,1,0,0,0,0,0,1,1,0,0,0
14,2026070701,cmark,primary,9,,src/utf8.c,d8322b177bdcf3a327195d96e3fb2afd1be9cb99e0c4ef815839bc1b31ba5ec3,cmark::src_utf8.c::cmark_utf8proc_is_space::0005::4c3eef6da0c0,cmark_utf8proc_is_space,5,selected,selected,int,1,int32_t,int cmark_utf8proc_is_space(int32_t uc),"[{""count"": 128, ""max"": 63, ""min"": -64, ""name"": ""uc"", ""type"": ""int32_t"", ""values"": [-64, -63, -62, -61, -60, -59, -58, -57, -56, -55, -54, -53, -52, -51, -50, -49, -48, -47, -46, -45, -44, -43, -42, -41, -40, -39, -38, -37, -36, -35, -34, -33, -32, -31, -30, -29, -28, -27, -26, -25, -24, -23, -22, -21, -20, -19, -18, -17, -16, -15, -14, -13, -12, -11, -10, -9, -8, -7, -6, -5, -4, -3, -2, -1, 0, 1, 2, 3, 4, 5, 6, 7, 8, 9, 10, 11, 12, 13, 14, 15, 16, 17, 18, 19, 20, 21, 22, 23, 24, 25, 26, 27, 28, 29, 30, 31, 32, 33, 34, 35, 36, 37, 38, 39, 40, 41, 42, 43, 44, 45, 46, 47, 48, 49, 50, 51, 52, 53, 54, 55, 56, 57, 58, 59, 60, 61, 62, 63]}]",128,a759d0d9fb51f44d3476178257350f8a113b4d7d096c6b8853fa8f7f11e56953,11,12,0,0,0,0,0,12,0,12,0,0
15,2026070701,cmark,primary,9,,src/cmark_ctype.c,5421684fd63be733541ec328db01867f1392256fb01da1a05d5e54fdeaa364ce,cmark::src_cmark_ctype.c::cmark_isdigit::0003::4db7106cc43b,cmark_isdigit,3,selected,selected,int,1,char,int cmark_isdigit(char c),"[{""count"": 128, ""max"": 127, ""min"": 0, ""name"": ""c"", ""type"": ""char"", ""values"": [0, 1, 2, 3, 4, 5, 6, 7, 8, 9, 10, 11, 12, 13, 14, 15, 16, 17, 18, 19, 20, 21, 22, 23, 24, 25, 26, 27, 28, 29, 30, 31, 32, 33, 34, 35, 36, 37, 38, 39, 40, 41, 42, 43, 44, 45, 46, 47, 48, 49, 50, 51, 52, 53, 54, 55, 56, 57, 58, 59, 60, 61, 62, 63, 64, 65, 66, 67, 68, 69, 70, 71, 72, 73, 74, 75, 76, 77, 78, 79, 80, 81, 82, 83, 84, 85, 86, 87, 88, 89, 90, 91, 92, 93, 94, 95, 96, 97, 98, 99, 100, 101, 102, 103, 104, 105, 106, 107, 108, 109, 110, 111, 112, 113, 114, 115, 116, 117, 118, 119, 120, 121, 122, 123, 124, 125, 126, 127]}]",128,8de0e1cc2db593ba2ac33b0493c13970edf231ba514ae7274dc14847ea05ae3a,11,1,0,0,0,1,0,1,0,1,0,0
16,2026070701,cmark,primary,9,,src/cmark_ctype.c,5421684fd63be733541ec328db01867f1392256fb01da1a05d5e54fdeaa364ce,cmark::src_cmark_ctype.c::cmark_ispunct::0002::6d6fa08a59ba,cmark_ispunct,2,selected,selected,int,1,char,int cmark_ispunct(char c),"[{""count"": 128, ""max"": 127, ""min"": 0, ""name"": ""c"", ""type"": ""char"", ""values"": [0, 1, 2, 3, 4, 5, 6, 7, 8, 9, 10, 11, 12, 13, 14, 15, 16, 17, 18, 19, 20, 21, 22, 23, 24, 25, 26, 27, 28, 29, 30, 31, 32, 33, 34, 35, 36, 37, 38, 39, 40, 41, 42, 43, 44, 45, 46, 47, 48, 49, 50, 51, 52, 53, 54, 55, 56, 57, 58, 59, 60, 61, 62, 63, 64, 65, 66, 67, 68, 69, 70, 71, 72, 73, 74, 75, 76, 77, 78, 79, 80, 81, 82, 83, 84, 85, 86, 87, 88, 89, 90, 91, 92, 93, 94, 95, 96, 97, 98, 99, 100, 101, 102, 103, 104, 105, 106, 107, 108, 109, 110, 111, 112, 113, 114, 115, 116, 117, 118, 119, 120, 121, 122, 123, 124, 125, 126, 127]}]",128,7c91f6796692eada153a8967640f3e7785ea05f79c0bcab4a18ddabfdc36efef,11,1,0,0,0,1,0,1,0,1,0,0
17,2026070701,cmark,primary,9,,src/blocks.c,5eb778a48ce457725a6091d02e1fb76aa30c61d0cf0e7c8630178097713612b2,cmark::src_blocks.c::S_is_space_or_tab::0004::8ac0d2fe91dd,S_is_space_or_tab,4,selected,selected,bool,1,char,bool S_is_space_or_tab(char c),"[{""count"": 128, ""max"": 127, ""min"": 0, ""name"": ""c"", ""type"": ""char"", ""values"": [0, 1, 2, 3, 4, 5, 6, 7, 8, 9, 10, 11, 12, 13, 14, 15, 16, 17, 18, 19, 20, 21, 22, 23, 24, 25, 26, 27, 28, 29, 30, 31, 32, 33, 34, 35, 36, 37, 38, 39, 40, 41, 42, 43, 44, 45, 46, 47, 48, 49, 50, 51, 52, 53, 54, 55, 56, 57, 58, 59, 60, 61, 62, 63, 64, 65, 66, 67, 68, 69, 70, 71, 72, 73, 74, 75, 76, 77, 78, 79, 80, 81, 82, 83, 84, 85, 86, 87, 88, 89, 90, 91, 92, 93, 94, 95, 96, 97, 98, 99, 100, 101, 102, 103, 104, 105, 106, 107, 108, 109, 110, 111, 112, 113, 114, 115, 116, 117, 118, 119, 120, 121, 122, 123, 124, 125, 126, 127]}]",128,3cb0981a6918f6d2df162237ab2ce5cd9eb31fed2cf0f78fc9d0c16e26c4e700,11,2,0,0,0,0,0,2,2,0,0,0
18,2026070701,cmark,primary,9,,src/cmark_ctype.c,5421684fd63be733541ec328db01867f1392256fb01da1a05d5e54fdeaa364ce,cmark::src_cmark_ctype.c::cmark_isspace::0001::d35982db2fc1,cmark_isspace,1,selected,selected,int,1,char,int cmark_isspace(char c),"[{""count"": 128, ""max"": 127, ""min"": 0, ""name"": ""c"", ""type"": ""char"", ""values"": [0, 1, 2, 3, 4, 5, 6, 7, 8, 9, 10, 11, 12, 13, 14, 15, 16, 17, 18, 19, 20, 21, 22, 23, 24, 25, 26, 27, 28, 29, 30, 31, 32, 33, 34, 35, 36, 37, 38, 39, 40, 41, 42, 43, 44, 45, 46, 47, 48, 49, 50, 51, 52, 53, 54, 55, 56, 57, 58, 59, 60, 61, 62, 63, 64, 65, 66, 67, 68, 69, 70, 71, 72, 73, 74, 75, 76, 77, 78, 79, 80, 81, 82, 83, 84, 85, 86, 87, 88, 89, 90, 91, 92, 93, 94, 95, 96, 97, 98, 99, 100, 101, 102, 103, 104, 105, 106, 107, 108, 109, 110, 111, 112, 113, 114, 115, 116, 117, 118, 119, 120, 121, 122, 123, 124, 125, 126, 127]}]",128,05776b4dfb6b8cdba744669e09a357917d90e2a4e8295fb7ba605236cc2c9e4d,11,1,0,0,0,1,0,1,0,1,0,0
19,2026070701,cmark,primary,9,,src/inlines.c,d5deda1fdcf099560452c8f1c8a0a75532f89dce0e8157485e19447fdfa0fc7f,cmark::src_inlines.c::S_is_line_end_char::0001::e4630b5a1ba3,S_is_line_end_char,1,selected,selected,bool,1,char,bool S_is_line_end_char(char c),"[{""count"": 128, ""max"": 127, ""min"": 0, ""name"": ""c"", ""type"": ""char"", ""values"": [0, 1, 2, 3, 4, 5, 6, 7, 8, 9, 10, 11, 12, 13, 14, 15, 16, 17, 18, 19, 20, 21, 22, 23, 24, 25, 26, 27, 28, 29, 30, 31, 32, 33, 34, 35, 36, 37, 38, 39, 40, 41, 42, 43, 44, 45, 46, 47, 48, 49, 50, 51, 52, 53, 54, 55, 56, 57, 58, 59, 60, 61, 62, 63, 64, 65, 66, 67, 68, 69, 70, 71, 72, 73, 74, 75, 76, 77, 78, 79, 80, 81, 82, 83, 84, 85, 86, 87, 88, 89, 90, 91, 92, 93, 94, 95, 96, 97, 98, 99, 100, 101, 102, 103, 104, 105, 106, 107, 108, 109, 110, 111, 112, 113, 114, 115, 116, 117, 118, 119, 120, 121, 122, 123, 124, 125, 126, 127]}]",128,ef2e433184824c0e40d12c68211effbc0fb693219204b2f64a0fd407342bb20b,11,2,0,0,0,0,0,2,2,0,0,0
20,2026070701,cmark,primary,9,,src/cmark_ctype.c,5421684fd63be733541ec328db01867f1392256fb01da1a05d5e54fdeaa364ce,cmark::src_cmark_ctype.c::cmark_isalpha::0004::e3004f765231,cmark_isalpha,4,selected,selected,int,1,char,int cmark_isalpha(char c),"[{""count"": 128, ""max"": 127, ""min"": 0, ""name"": ""c"", ""type"": ""char"", ""values"": [0, 1, 2, 3, 4, 5, 6, 7, 8, 9, 10, 11, 12, 13, 14, 15, 16, 17, 18, 19, 20, 21, 22, 23, 24, 25, 26, 27, 28, 29, 30, 31, 32, 33, 34, 35, 36, 37, 38, 39, 40, 41, 42, 43, 44, 45, 46, 47, 48, 49, 50, 51, 52, 53, 54, 55, 56, 57, 58, 59, 60, 61, 62, 63, 64, 65, 66, 67, 68, 69, 70, 71, 72, 73, 74, 75, 76, 77, 78, 79, 80, 81, 82, 83, 84, 85, 86, 87, 88, 89, 90, 91, 92, 93, 94, 95, 96, 97, 98, 99, 100, 101, 102, 103, 104, 105, 106, 107, 108, 109, 110, 111, 112, 113, 114, 115, 116, 117, 118, 119, 120, 121, 122, 123, 124, 125, 126, 127]}]",128,f8fe0106a1b47f37b20fc08b889336bca2e72f9603b00892f44e8b93b35034dc,11,1,0,0,0,1,0,1,0,1,0,0
21,2026070701,mpack,primary,11,,src/mpack/mpack-common.c,2a1d3839564faf853b697d918544c339a1908b431db377c7fea27feaa9b13711,mpack::src_mpack_mpack-common.c::mpack_hex_char::0002::114e163a936d,mpack_hex_char,2,selected,selected,char,1,uint8_t,char mpack_hex_char(uint8_t hex_value),"[{""count"": 128, ""max"": 127, ""min"": 0, ""name"": ""hex_value"", ""type"": ""uint8_t"", ""values"": [0, 1, 2, 3, 4, 5, 6, 7, 8, 9, 10, 11, 12, 13, 14, 15, 16, 17, 18, 19, 20, 21, 22, 23, 24, 25, 26, 27, 28, 29, 30, 31, 32, 33, 34, 35, 36, 37, 38, 39, 40, 41, 42, 43, 44, 45, 46, 47, 48, 49, 50, 51, 52, 53, 54, 55, 56, 57, 58, 59, 60, 61, 62, 63, 64, 65, 66, 67, 68, 69, 70, 71, 72, 73, 74, 75, 76, 77, 78, 79, 80, 81, 82, 83, 84, 85, 86, 87, 88, 89, 90, 91, 92, 93, 94, 95, 96, 97, 98, 99, 100, 101, 102, 103, 104, 105, 106, 107, 108, 109, 110, 111, 112, 113, 114, 115, 116, 117, 118, 119, 120, 121, 122, 123, 124, 125, 126, 127]}]",128,ac6b213725f0d4fef18c404b98205239e130908ee6ffb36be6ddfb603b42fb41,11,2,1,0,0,0,0,1,2,3,0,0
22,2026070701,klib,primary,14,,kbit.h,f5dde303df3e49c17df7f90c26043d1cb6d3958bf10e928de852ea7c40c30ba2,klib::kbit.h::kbi_popcount64::0001::b27ff1549a54,kbi_popcount64,1,selected,selected,uint64_t,1,uint64_t,uint64_t kbi_popcount64(uint64_t y),"[{""count"": 128, ""max"": 127, ""min"": 0, ""name"": ""y"", ""type"": ""uint64_t"", ""values"": [0, 1, 2, 3, 4, 5, 6, 7, 8, 9, 10, 11, 12, 13, 14, 15, 16, 17, 18, 19, 20, 21, 22, 23, 24, 25, 26, 27, 28, 29, 30, 31, 32, 33, 34, 35, 36, 37, 38, 39, 40, 41, 42, 43, 44, 45, 46, 47, 48, 49, 50, 51, 52, 53, 54, 55, 56, 57, 58, 59, 60, 61, 62, 63, 64, 65, 66, 67, 68, 69, 70, 71, 72, 73, 74, 75, 76, 77, 78, 79, 80, 81, 82, 83, 84, 85, 86, 87, 88, 89, 90, 91, 92, 93, 94, 95, 96, 97, 98, 99, 100, 101, 102, 103, 104, 105, 106, 107, 108, 109, 110, 111, 112, 113, 114, 115, 116, 117, 118, 119, 120, 121, 122, 123, 124, 125, 126, 127]}]",128,1b2ef06f6b5322b89ed499ae4e10137790f47f0b041522fe76f77884e55311d7,11,1,0,0,0,0,8,0,0,9,0,0
23,2026070701,klib,primary,14,,kbit.h,f5dde303df3e49c17df7f90c26043d1cb6d3958bf10e928de852ea7c40c30ba2,klib::kbit.h::kbi_DNAcount64::0002::3ec293d4e9c0,kbi_DNAcount64,2,selected,selected,uint64_t,2,uint64_t;int,"uint64_t kbi_DNAcount64(uint64_t y, int c)","[{""count"": 64, ""max"": 63, ""min"": 0, ""name"": ""y"", ""type"": ""uint64_t"", ""values"": [0, 1, 2, 3, 4, 5, 6, 7, 8, 9, 10, 11, 12, 13, 14, 15, 16, 17, 18, 19, 20, 21, 22, 23, 24, 25, 26, 27, 28, 29, 30, 31, 32, 33, 34, 35, 36, 37, 38, 39, 40, 41, 42, 43, 44, 45, 46, 47, 48, 49, 50, 51, 52, 53, 54, 55, 56, 57, 58, 59, 60, 61, 62, 63]}, {""count"": 64, ""max"": 31, ""min"": -32, ""name"": ""c"", ""type"": ""int"", ""values"": [-32, -31, -30, -29, -28, -27, -26, -25, -24, -23, -22, -21, -20, -19, -18, -17, -16, -15, -14, -13, -12, -11, -10, -9, -8, -7, -6, -5, -4, -3, -2, -1, 0, 1, 2, 3, 4, 5, 6, 7, 8, 9, 10, 11, 12, 13, 14, 15, 16, 17, 18, 19, 20, 21, 22, 23, 24, 25, 26, 27, 28, 29, 30, 31]}]",4096,9a82d5279f072826b46d23fd24ca15bf5f350f2ae87e2622579f36bca9cc8f9e,11,3,2,0,0,0,13,0,0,11,1,0
24,2026070701,klib,primary,14,,krng.h,af5549fbfd5dde191ca6fb24894a22124385d89bc01032b9b1974a5311f56f57,klib::krng.h::kr_splitmix64::0001::86fefd5b3221,kr_splitmix64,1,selected,selected,uint64_t,1,uint64_t,uint64_t kr_splitmix64(uint64_t x),"[{""count"": 128, ""max"": 127, ""min"": 0, ""name"": ""x"", ""type"": ""uint64_t"", ""values"": [0, 1, 2, 3, 4, 5, 6, 7, 8, 9, 10, 11, 12, 13, 14, 15, 16, 17, 18, 19, 20, 21, 22, 23, 24, 25, 26, 27, 28, 29, 30, 31, 32, 33, 34, 35, 36, 37, 38, 39, 40, 41, 42, 43, 44, 45, 46, 47, 48, 49, 50, 51, 52, 53, 54, 55, 56, 57, 58, 59, 60, 61, 62, 63, 64, 65, 66, 67, 68, 69, 70, 71, 72, 73, 74, 75, 76, 77, 78, 79, 80, 81, 82, 83, 84, 85, 86, 87, 88, 89, 90, 91, 92, 93, 94, 95, 96, 97, 98, 99, 100, 101, 102, 103, 104, 105, 106, 107, 108, 109, 110, 111, 112, 113, 114, 115, 116, 117, 118, 119, 120, 121, 122, 123, 124, 125, 126, 127]}]",128,6d6c3a47663c6c832a9490b0d647d42d0370157cd88ed2517e45ccc354812b00,11,1,0,0,0,0,6,0,0,7,0,0
25,2026070701,nanoprintf,primary,17,,nanoprintf.h,24d28854d22ff5954090a00a1e41e404c94a9f85be8b75b13f8d9348e60912e3,nanoprintf::nanoprintf.h::npf__id_sc::0014::9ad640714c4a,npf__id_sc,14,selected,selected,signed char,1,signed char,signed char npf__id_sc(signed char v),"[{""count"": 128, ""max"": 127, ""min"": 0, ""name"": ""v"", ""type"": ""signed char"", ""values"": [0, 1, 2, 3, 4, 5, 6, 7, 8, 9, 10, 11, 12, 13, 14, 15, 16, 17, 18, 19, 20, 21, 22, 23, 24, 25, 26, 27, 28, 29, 30, 31, 32, 33, 34, 35, 36, 37, 38, 39, 40, 41, 42, 43, 44, 45, 46, 47, 48, 49, 50, 51, 52, 53, 54, 55, 56, 57, 58, 59, 60, 61, 62, 63, 64, 65, 66, 67, 68, 69, 70, 71, 72, 73, 74, 75, 76, 77, 78, 79, 80, 81, 82, 83, 84, 85, 86, 87, 88, 89, 90, 91, 92, 93, 94, 95, 96, 97, 98, 99, 100, 101, 102, 103, 104, 105, 106, 107, 108, 109, 110, 111, 112, 113, 114, 115, 116, 117, 118, 119, 120, 121, 122, 123, 124, 125, 126, 127]}]",128,56ae1ab37f7cdf03103bddbd6407c76ce93953b33c9550af5d70f41b3570457b,11,1,0,0,0,0,0,0,0,0,0,0
26,2026070701,nanoprintf,primary,17,,nanoprintf.h,24d28854d22ff5954090a00a1e41e404c94a9f85be8b75b13f8d9348e60912e3,nanoprintf::nanoprintf.h::npf__id_ul::0010::56c5a22467f1,npf__id_ul,10,selected,selected,unsigned long,1,unsigned long,unsigned long npf__id_ul(unsigned long v),"[{""count"": 128, ""max"": 127, ""min"": 0, ""name"": ""v"", ""type"": ""unsigned long"", ""values"": [0, 1, 2, 3, 4, 5, 6, 7, 8, 9, 10, 11, 12, 13, 14, 15, 16, 17, 18, 19, 20, 21, 22, 23, 24, 25, 26, 27, 28, 29, 30, 31, 32, 33, 34, 35, 36, 37, 38, 39, 40, 41, 42, 43, 44, 45, 46, 47, 48, 49, 50, 51, 52, 53, 54, 55, 56, 57, 58, 59, 60, 61, 62, 63, 64, 65, 66, 67, 68, 69, 70, 71, 72, 73, 74, 75, 76, 77, 78, 79, 80, 81, 82, 83, 84, 85, 86, 87, 88, 89, 90, 91, 92, 93, 94, 95, 96, 97, 98, 99, 100, 101, 102, 103, 104, 105, 106, 107, 108, 109, 110, 111, 112, 113, 114, 115, 116, 117, 118, 119, 120, 121, 122, 123, 124, 125, 126, 127]}]",128,61d86c749f0f49afade058ef0f390b20a1e2bd91d98bd4cb651526c3e942b392,11,1,0,0,0,0,0,0,0,0,0,0
27,2026070701,nanoprintf,primary,17,,nanoprintf.h,24d28854d22ff5954090a00a1e41e404c94a9f85be8b75b13f8d9348e60912e3,nanoprintf::nanoprintf.h::npf__id_c::0013::36e5d4fdf359,npf__id_c,13,selected,selected,char,1,char,char npf__id_c(char v),"[{""count"": 128, ""max"": 127, ""min"": 0, ""name"": ""v"", ""type"": ""char"", ""values"": [0, 1, 2, 3, 4, 5, 6, 7, 8, 9, 10, 11, 12, 13, 14, 15, 16, 17, 18, 19, 20, 21, 22, 23, 24, 25, 26, 27, 28, 29, 30, 31, 32, 33, 34, 35, 36, 37, 38, 39, 40, 41, 42, 43, 44, 45, 46, 47, 48, 49, 50, 51, 52, 53, 54, 55, 56, 57, 58, 59, 60, 61, 62, 63, 64, 65, 66, 67, 68, 69, 70, 71, 72, 73, 74, 75, 76, 77, 78, 79, 80, 81, 82, 83, 84, 85, 86, 87, 88, 89, 90, 91, 92, 93, 94, 95, 96, 97, 98, 99, 100, 101, 102, 103, 104, 105, 106, 107, 108, 109, 110, 111, 112, 113, 114, 115, 116, 117, 118, 119, 120, 121, 122, 123, 124, 125, 126, 127]}]",128,f68690c2c1fd0e9e75e357527036cf81ea984d62a4b2d52d644c8171afde73be,11,1,0,0,0,0,0,0,0,0,0,0
28,2026070701,nanoprintf,primary,17,,nanoprintf.h,24d28854d22ff5954090a00a1e41e404c94a9f85be8b75b13f8d9348e60912e3,nanoprintf::nanoprintf.h::npf__id_ll::0011::fd9c9dfe998b,npf__id_ll,11,selected,selected,long long,1,long long,long long npf__id_ll(long long v),"[{""count"": 128, ""max"": 63, ""min"": -64, ""name"": ""v"", ""type"": ""long long"", ""values"": [-64, -63, -62, -61, -60, -59, -58, -57, -56, -55, -54, -53, -52, -51, -50, -49, -48, -47, -46, -45, -44, -43, -42, -41, -40, -39, -38, -37, -36, -35, -34, -33, -32, -31, -30, -29, -28, -27, -26, -25, -24, -23, -22, -21, -20, -19, -18, -17, -16, -15, -14, -13, -12, -11, -10, -9, -8, -7, -6, -5, -4, -3, -2, -1, 0, 1, 2, 3, 4, 5, 6, 7, 8, 9, 10, 11, 12, 13, 14, 15, 16, 17, 18, 19, 20, 21, 22, 23, 24, 25, 26, 27, 28, 29, 30, 31, 32, 33, 34, 35, 36, 37, 38, 39, 40, 41, 42, 43, 44, 45, 46, 47, 48, 49, 50, 51, 52, 53, 54, 55, 56, 57, 58, 59, 60, 61, 62, 63]}]",128,ebcb706f4d623f3d34b6962aa7101c7aac5b51c7638adccbc7bb687975a6fd68,11,1,0,0,0,0,0,0,0,0,0,0
29,2026070701,nanoprintf,primary,17,,nanoprintf.h,24d28854d22ff5954090a00a1e41e404c94a9f85be8b75b13f8d9348e60912e3,nanoprintf::nanoprintf.h::npf__id_s::0016::85ae8cfb335c,npf__id_s,16,selected,selected,short,1,short,short npf__id_s(short v),"[{""count"": 128, ""max"": 63, ""min"": -64, ""name"": ""v"", ""type"": ""short"", ""values"": [-64, -63, -62, -61, -60, -59, -58, -57, -56, -55, -54, -53, -52, -51, -50, -49, -48, -47, -46, -45, -44, -43, -42, -41, -40, -39, -38, -37, -36, -35, -34, -33, -32, -31, -30, -29, -28, -27, -26, -25, -24, -23, -22, -21, -20, -19, -18, -17, -16, -15, -14, -13, -12, -11, -10, -9, -8, -7, -6, -5, -4, -3, -2, -1, 0, 1, 2, 3, 4, 5, 6, 7, 8, 9, 10, 11, 12, 13, 14, 15, 16, 17, 18, 19, 20, 21, 22, 23, 24, 25, 26, 27, 28, 29, 30, 31, 32, 33, 34, 35, 36, 37, 38, 39, 40, 41, 42, 43, 44, 45, 46, 47, 48, 49, 50, 51, 52, 53, 54, 55, 56, 57, 58, 59, 60, 61, 62, 63]}]",128,0225ed938dcb8239ef429eade4a92e977b450ccf10040ddcbc51b2f3ae81646b,11,1,0,0,0,0,0,0,0,0,0,0
30,2026070701,nanoprintf,primary,17,,nanoprintf.h,24d28854d22ff5954090a00a1e41e404c94a9f85be8b75b13f8d9348e60912e3,nanoprintf::nanoprintf.h::npf__id_uc::0015::1d6df7d4be73,npf__id_uc,15,selected,selected,unsigned char,1,unsigned char,unsigned char npf__id_uc(unsigned char v),"[{""count"": 128, ""max"": 127, ""min"": 0, ""name"": ""v"", ""type"": ""unsigned char"", ""values"": [0, 1, 2, 3, 4, 5, 6, 7, 8, 9, 10, 11, 12, 13, 14, 15, 16, 17, 18, 19, 20, 21, 22, 23, 24, 25, 26, 27, 28, 29, 30, 31, 32, 33, 34, 35, 36, 37, 38, 39, 40, 41, 42, 43, 44, 45, 46, 47, 48, 49, 50, 51, 52, 53, 54, 55, 56, 57, 58, 59, 60, 61, 62, 63, 64, 65, 66, 67, 68, 69, 70, 71, 72, 73, 74, 75, 76, 77, 78, 79, 80, 81, 82, 83, 84, 85, 86, 87, 88, 89, 90, 91, 92, 93, 94, 95, 96, 97, 98, 99, 100, 101, 102, 103, 104, 105, 106, 107, 108, 109, 110, 111, 112, 113, 114, 115, 116, 117, 118, 119, 120, 121, 122, 123, 124, 125, 126, 127]}]",128,2b844e0020e067697d97227a607b5a51269b68c310720e57c26d15c85250ee76,11,1,0,0,0,0,0,0,0,0,0,0
31,2026070701,nanoprintf,primary,17,,nanoprintf.h,24d28854d22ff5954090a00a1e41e404c94a9f85be8b75b13f8d9348e60912e3,nanoprintf::nanoprintf.h::npf__id_l::0009::1fb1afad7e41,npf__id_l,9,selected,selected,long,1,long,long npf__id_l(long v),"[{""count"": 128, ""max"": 63, ""min"": -64, ""name"": ""v"", ""type"": ""long"", ""values"": [-64, -63, -62, -61, -60, -59, -58, -57, -56, -55, -54, -53, -52, -51, -50, -49, -48, -47, -46, -45, -44, -43, -42, -41, -40, -39, -38, -37, -36, -35, -34, -33, -32, -31, -30, -29, -28, -27, -26, -25, -24, -23, -22, -21, -20, -19, -18, -17, -16, -15, -14, -13, -12, -11, -10, -9, -8, -7, -6, -5, -4, -3, -2, -1, 0, 1, 2, 3, 4, 5, 6, 7, 8, 9, 10, 11, 12, 13, 14, 15, 16, 17, 18, 19, 20, 21, 22, 23, 24, 25, 26, 27, 28, 29, 30, 31, 32, 33, 34, 35, 36, 37, 38, 39, 40, 41, 42, 43, 44, 45, 46, 47, 48, 49, 50, 51, 52, 53, 54, 55, 56, 57, 58, 59, 60, 61, 62, 63]}]",128,24e35fbd0da505bd71d6d8055dc96956f668e3ac427709d37bfa52e61e940246,11,1,0,0,0,0,0,0,0,0,0,0
32,2026070701,nanoprintf,primary,17,,nanoprintf.h,24d28854d22ff5954090a00a1e41e404c94a9f85be8b75b13f8d9348e60912e3,nanoprintf::nanoprintf.h::npf__id_ull::0012::abd1dc192144,npf__id_ull,12,selected,selected,unsigned long long,1,unsigned long long,unsigned long long npf__id_ull(unsigned long long v),"[{""count"": 128, ""max"": 127, ""min"": 0, ""name"": ""v"", ""type"": ""unsigned long long"", ""values"": [0, 1, 2, 3, 4, 5, 6, 7, 8, 9, 10, 11, 12, 13, 14, 15, 16, 17, 18, 19, 20, 21, 22, 23, 24, 25, 26, 27, 28, 29, 30, 31, 32, 33, 34, 35, 36, 37, 38, 39, 40, 41, 42, 43, 44, 45, 46, 47, 48, 49, 50, 51, 52, 53, 54, 55, 56, 57, 58, 59, 60, 61, 62, 63, 64, 65, 66, 67, 68, 69, 70, 71, 72, 73, 74, 75, 76, 77, 78, 79, 80, 81, 82, 83, 84, 85, 86, 87, 88, 89, 90, 91, 92, 93, 94, 95, 96, 97, 98, 99, 100, 101, 102, 103, 104, 105, 106, 107, 108, 109, 110, 111, 112, 113, 114, 115, 116, 117, 118, 119, 120, 121, 122, 123, 124, 125, 126, 127]}]",128,5de1e758bfb6f6e1f74304cecbcc0e6ddfd297119e329ae7acc93e1bbcda8610,11,1,0,0,0,0,0,0,0,0,0,0
33,2026070701,nanoprintf,primary,17,,nanoprintf.h,24d28854d22ff5954090a00a1e41e404c94a9f85be8b75b13f8d9348e60912e3,nanoprintf::nanoprintf.h::npf__id_us::0017::7e050f4c1030,npf__id_us,17,selected,selected,unsigned short,1,unsigned short,unsigned short npf__id_us(unsigned short v),"[{""count"": 128, ""max"": 127, ""min"": 0, ""name"": ""v"", ""type"": ""unsigned short"", ""values"": [0, 1, 2, 3, 4, 5, 6, 7, 8, 9, 10, 11, 12, 13, 14, 15, 16, 17, 18, 19, 20, 21, 22, 23, 24, 25, 26, 27, 28, 29, 30, 31, 32, 33, 34, 35, 36, 37, 38, 39, 40, 41, 42, 43, 44, 45, 46, 47, 48, 49, 50, 51, 52, 53, 54, 55, 56, 57, 58, 59, 60, 61, 62, 63, 64, 65, 66, 67, 68, 69, 70, 71, 72, 73, 74, 75, 76, 77, 78, 79, 80, 81, 82, 83, 84, 85, 86, 87, 88, 89, 90, 91, 92, 93, 94, 95, 96, 97, 98, 99, 100, 101, 102, 103, 104, 105, 106, 107, 108, 109, 110, 111, 112, 113, 114, 115, 116, 117, 118, 119, 120, 121, 122, 123, 124, 125, 126, 127]}]",128,9c252e33ded816cb3d4d63c12a40ba6d8cf25819a05bd4a0ba555c3bd01f1268,11,1,0,0,0,0,0,0,0,0,0,0
34,2026070701,nanoprintf,primary,17,,nanoprintf.h,24d28854d22ff5954090a00a1e41e404c94a9f85be8b75b13f8d9348e60912e3,nanoprintf::nanoprintf.h::npf__id_i::0008::9a921da6f1fd,npf__id_i,8,selected,selected,int,1,int,int npf__id_i(int v),"[{""count"": 128, ""max"": 63, ""min"": -64, ""name"": ""v"", ""type"": ""int"", ""values"": [-64, -63, -62, -61, -60, -59, -58, -57, -56, -55, -54, -53, -52, -51, -50, -49, -48, -47, -46, -45, -44, -43, -42, -41, -40, -39, -38, -37, -36, -35, -34, -33, -32, -31, -30, -29, -28, -27, -26, -25, -24, -23, -22, -21, -20, -19, -18, -17, -16, -15, -14, -13, -12, -11, -10, -9, -8, -7, -6, -5, -4, -3, -2, -1, 0, 1, 2, 3, 4, 5, 6, 7, 8, 9, 10, 11, 12, 13, 14, 15, 16, 17, 18, 19, 20, 21, 22, 23, 24, 25, 26, 27, 28, 29, 30, 31, 32, 33, 34, 35, 36, 37, 38, 39, 40, 41, 42, 43, 44, 45, 46, 47, 48, 49, 50, 51, 52, 53, 54, 55, 56, 57, 58, 59, 60, 61, 62, 63]}]",128,759d248e2c2e0351a89a29c9e88bb7751add3f7853bc0e9404a32276a813d058,11,1,0,0,0,0,0,0,0,0,0,0
35,2026070701,libucl,primary,20,,src/ucl_parser.c,79c3b934dcbf193565416ba897e9bca51dd19762c80f386bef1ae986dcfde247,libucl::src_ucl_parser.c::ucl_lex_is_comment::0004::14cdf1fc49d2,ucl_lex_is_comment,4,selected,selected,bool,2,unsigned char;unsigned char,"bool ucl_lex_is_comment(unsigned char c1, unsigned char c2)","[{""count"": 64, ""max"": 63, ""min"": 0, ""name"": ""c1"", ""type"": ""unsigned char"", ""values"": [0, 1, 2, 3, 4, 5, 6, 7, 8, 9, 10, 11, 12, 13, 14, 15, 16, 17, 18, 19, 20, 21, 22, 23, 24, 25, 26, 27, 28, 29, 30, 31, 32, 33, 34, 35, 36, 37, 38, 39, 40, 41, 42, 43, 44, 45, 46, 47, 48, 49, 50, 51, 52, 53, 54, 55, 56, 57, 58, 59, 60, 61, 62, 63]}, {""count"": 64, ""max"": 63, ""min"": 0, ""name"": ""c2"", ""type"": ""unsigned char"", ""values"": [0, 1, 2, 3, 4, 5, 6, 7, 8, 9, 10, 11, 12, 13, 14, 15, 16, 17, 18, 19, 20, 21, 22, 23, 24, 25, 26, 27, 28, 29, 30, 31, 32, 33, 34, 35, 36, 37, 38, 39, 40, 41, 42, 43, 44, 45, 46, 47, 48, 49, 50, 51, 52, 53, 54, 55, 56, 57, 58, 59, 60, 61, 62, 63]}]",4096,7f4f52d889a6806d05da56db84c05d1094bfac8f05468cfbb9afaa535eec4fdc,11,4,3,0,0,0,0,3,3,0,0,0
36,2026070701,libucl,primary,20,,src/mum.h,406a4e6242f8cdc6068f428944cf838fdb84572d43ac0f3f2e0c7fb867bc1593,libucl::src_mum.h::mum_hash_init::0008::8c28c78a2bec,mum_hash_init,8,selected,selected,uint64_t,1,uint64_t,uint64_t mum_hash_init(uint64_t seed),"[{""count"": 128, ""max"": 127, ""min"": 0, ""name"": ""seed"", ""type"": ""uint64_t"", ""values"": [0, 1, 2, 3, 4, 5, 6, 7, 8, 9, 10, 11, 12, 13, 14, 15, 16, 17, 18, 19, 20, 21, 22, 23, 24, 25, 26, 27, 28, 29, 30, 31, 32, 33, 34, 35, 36, 37, 38, 39, 40, 41, 42, 43, 44, 45, 46, 47, 48, 49, 50, 51, 52, 53, 54, 55, 56, 57, 58, 59, 60, 61, 62, 63, 64, 65, 66, 67, 68, 69, 70, 71, 72, 73, 74, 75, 76, 77, 78, 79, 80, 81, 82, 83, 84, 85, 86, 87, 88, 89, 90, 91, 92, 93, 94, 95, 96, 97, 98, 99, 100, 101, 102, 103, 104, 105, 106, 107, 108, 109, 110, 111, 112, 113, 114, 115, 116, 117, 118, 119, 120, 121, 122, 123, 124, 125, 126, 127]}]",128,0b417583666c7e286bc8b165fdd1cdbe23225757637cc8a3d967675ccd02c9bc,11,1,0,0,0,0,0,0,0,0,0,0
37,2026070701,json-c,fallback,21,,json_tokener.c,0b99e6f2e3ab4ea7622b42b99f969fd8f4c6e950997ba02030df003d6c914cc3,json-c::json_tokener.c::is_ws_char::0001::919354ce6ea9,is_ws_char,1,selected,selected,int,1,char,int is_ws_char(char c),"[{""count"": 128, ""max"": 127, ""min"": 0, ""name"": ""c"", ""type"": ""char"", ""values"": [0, 1, 2, 3, 4, 5, 6, 7, 8, 9, 10, 11, 12, 13, 14, 15, 16, 17, 18, 19, 20, 21, 22, 23, 24, 25, 26, 27, 28, 29, 30, 31, 32, 33, 34, 35, 36, 37, 38, 39, 40, 41, 42, 43, 44, 45, 46, 47, 48, 49, 50, 51, 52, 53, 54, 55, 56, 57, 58, 59, 60, 61, 62, 63, 64, 65, 66, 67, 68, 69, 70, 71, 72, 73, 74, 75, 76, 77, 78, 79, 80, 81, 82, 83, 84, 85, 86, 87, 88, 89, 90, 91, 92, 93, 94, 95, 96, 97, 98, 99, 100, 101, 102, 103, 104, 105, 106, 107, 108, 109, 110, 111, 112, 113, 114, 115, 116, 117, 118, 119, 120, 121, 122, 123, 124, 125, 126, 127]}]",128,77fd54d999969948d05a4d5c37344f7ed79a73f6609f2ff1f0f9db69132b7ad9,11,4,0,0,0,0,0,4,4,0,0,0
38,2026070701,htslib,fallback,24,,textutils.c,2c4666ac0f3e77f494291b9a68ee0c80ff6a8b55aa382fdd874897df106481f8,htslib::textutils.c::hts_base64_decoded_length::0004::3bde5b536259,hts_base64_decoded_length,4,selected,selected,size_t,1,size_t,size_t hts_base64_decoded_length(size_t len),"[{""count"": 128, ""max"": 127, ""min"": 0, ""name"": ""len"", ""type"": ""size_t"", ""values"": [0, 1, 2, 3, 4, 5, 6, 7, 8, 9, 10, 11, 12, 13, 14, 15, 16, 17, 18, 19, 20, 21, 22, 23, 24, 25, 26, 27, 28, 29, 30, 31, 32, 33, 34, 35, 36, 37, 38, 39, 40, 41, 42, 43, 44, 45, 46, 47, 48, 49, 50, 51, 52, 53, 54, 55, 56, 57, 58, 59, 60, 61, 62, 63, 64, 65, 66, 67, 68, 69, 70, 71, 72, 73, 74, 75, 76, 77, 78, 79, 80, 81, 82, 83, 84, 85, 86, 87, 88, 89, 90, 91, 92, 93, 94, 95, 96, 97, 98, 99, 100, 101, 102, 103, 104, 105, 106, 107, 108, 109, 110, 111, 112, 113, 114, 115, 116, 117, 118, 119, 120, 121, 122, 123, 124, 125, 126, 127]}]",128,70adbec3829e9eab22ebb7662c6c2e39663ed6c9ba64d3599ca63e9b841352b5,11,1,0,0,0,0,0,0,0,3,0,0
39,2026070701,htslib,fallback,24,,kstring.c,8bb71fb4ffb7aa750abe97e14c4ce7095df5411c247095f31b8be63493d8681d,htslib::kstring.c::fast_exp::0008::939028784d18,fast_exp,8,selected,selected,uint64_t,2,uint64_t;uint64_t,"uint64_t fast_exp(uint64_t x, uint64_t n)","[{""count"": 64, ""max"": 63, ""min"": 0, ""name"": ""x"", ""type"": ""uint64_t"", ""values"": [0, 1, 2, 3, 4, 5, 6, 7, 8, 9, 10, 11, 12, 13, 14, 15, 16, 17, 18, 19, 20, 21, 22, 23, 24, 25, 26, 27, 28, 29, 30, 31, 32, 33, 34, 35, 36, 37, 38, 39, 40, 41, 42, 43, 44, 45, 46, 47, 48, 49, 50, 51, 52, 53, 54, 55, 56, 57, 58, 59, 60, 61, 62, 63]}, {""count"": 64, ""max"": 63, ""min"": 0, ""name"": ""n"", ""type"": ""uint64_t"", ""values"": [0, 1, 2, 3, 4, 5, 6, 7, 8, 9, 10, 11, 12, 13, 14, 15, 16, 17, 18, 19, 20, 21, 22, 23, 24, 25, 26, 27, 28, 29, 30, 31, 32, 33, 34, 35, 36, 37, 38, 39, 40, 41, 42, 43, 44, 45, 46, 47, 48, 49, 50, 51, 52, 53, 54, 55, 56, 57, 58, 59, 60, 61, 62, 63]}]",4096,4be47c3f7b2512d9ad316ce145623d7fe01321115b14eb3a03d6bef2a1b65a45,11,4,2,1,0,0,2,3,0,7,0,0
40,2026070701,htslib,fallback,24,,hts.c,98800fbbac0ebd55f37aaf9d32686ad78e095456fbb253dbb7c6f3ba28954471,htslib::hts.c::push_digit::0059::b35f1dd40434,push_digit,59,selected,selected,unsigned long long,2,unsigned long long;char,"unsigned long long push_digit(unsigned long long i, char c)","[{""count"": 64, ""max"": 63, ""min"": 0, ""name"": ""i"", ""type"": ""unsigned long long"", ""values"": [0, 1, 2, 3, 4, 5, 6, 7, 8, 9, 10, 11, 12, 13, 14, 15, 16, 17, 18, 19, 20, 21, 22, 23, 24, 25, 26, 27, 28, 29, 30, 31, 32, 33, 34, 35, 36, 37, 38, 39, 40, 41, 42, 43, 44, 45, 46, 47, 48, 49, 50, 51, 52, 53, 54, 55, 56, 57, 58, 59, 60, 61, 62, 63]}, {""count"": 64, ""max"": 31, ""min"": -32, ""name"": ""c"", ""type"": ""char"", ""values"": [-32, -31, -30, -29, -28, -27, -26, -25, -24, -23, -22, -21, -20, -19, -18, -17, -16, -15, -14, -13, -12, -11, -10, -9, -8, -7, -6, -5, -4, -3, -2, -1, 0, 1, 2, 3, 4, 5, 6, 7, 8, 9, 10, 11, 12, 13, 14, 15, 16, 17, 18, 19, 20, 21, 22, 23, 24, 25, 26, 27, 28, 29, 30, 31]}]",4096,e56df6c657bf9a97048bc886fe8f2c5598b32ad35f82bf4c449647f20bf886ed,11,1,0,0,0,0,0,0,1,2,0,0
41,2026070701,htslib,fallback,24,,hts_time_funcs.h,ed1e9d301f1d66d3799496721a068a7d5186dd704c9a43d3a9b14751bf682bd3,htslib::hts_time_funcs.h::hts_year_is_leap::0002::ae2cd7fd399d,hts_year_is_leap,2,selected,selected,int,1,int64_t,int hts_year_is_leap(int64_t year),"[{""count"": 128, ""max"": 63, ""min"": -64, ""name"": ""year"", ""type"": ""int64_t"", ""values"": [-64, -63, -62, -61, -60, -59, -58, -57, -56, -55, -54, -53, -52, -51, -50, -49, -48, -47, -46, -45, -44, -43, -42, -41, -40, -39, -38, -37, -36, -35, -34, -33, -32, -31, -30, -29, -28, -27, -26, -25, -24, -23, -22, -21, -20, -19, -18, -17, -16, -15, -14, -13, -12, -11, -10, -9, -8, -7, -6, -5, -4, -3, -2, -1, 0, 1, 2, 3, 4, 5, 6, 7, 8, 9, 10, 11, 12, 13, 14, 15, 16, 17, 18, 19, 20, 21, 22, 23, 24, 25, 26, 27, 28, 29, 30, 31, 32, 33, 34, 35, 36, 37, 38, 39, 40, 41, 42, 43, 44, 45, 46, 47, 48, 49, 50, 51, 52, 53, 54, 55, 56, 57, 58, 59, 60, 61, 62, 63]}]",128,74538781a7c81fb152d62da171959d270c58f941a781a12b5d648d0ba8e2921f,11,3,0,0,0,0,0,3,0,6,0,0
42,2026070701,htslib,fallback,24,,cram/cram_io.c,ff46bd4cc41316130092d250080cf0342f441ff5d10c6c75726fc9af0a00bbd5,htslib::cram_cram_io.c::itf8_size::0014::33f5aa8539a5,itf8_size,14,selected,selected,int,1,int64_t,int itf8_size(int64_t v),"[{""count"": 128, ""max"": 63, ""min"": -64, ""name"": ""v"", ""type"": ""int64_t"", ""values"": [-64, -63, -62, -61, -60, -59, -58, -57, -56, -55, -54, -53, -52, -51, -50, -49, -48, -47, -46, -45, -44, -43, -42, -41, -40, -39, -38, -37, -36, -35, -34, -33, -32, -31, -30, -29, -28, -27, -26, -25, -24, -23, -22, -21, -20, -19, -18, -17, -16, -15, -14, -13, -12, -11, -10, -9, -8, -7, -6, -5, -4, -3, -2, -1, 0, 1, 2, 3, 4, 5, 6, 7, 8, 9, 10, 11, 12, 13, 14, 15, 16, 17, 18, 19, 20, 21, 22, 23, 24, 25, 26, 27, 28, 29, 30, 31, 32, 33, 34, 35, 36, 37, 38, 39, 40, 41, 42, 43, 44, 45, 46, 47, 48, 49, 50, 51, 52, 53, 54, 55, 56, 57, 58, 59, 60, 61, 62, 63]}]",128,31e059b2294e13dc74c5f188670aa7ed51e31930678a6eac09a51062b244e1a4,11,5,4,0,0,0,8,0,0,9,0,0
43,2026070701,htslib,fallback,24,,cram/pooled_alloc.c,6dbdeccd5b45533746d6e19fb49a60895655109238550d7fef017b642cae41b0,htslib::cram_pooled_alloc.c::next_power_2::0001::4b1e11e601ae,next_power_2,1,selected,selected,int,1,unsigned int,int next_power_2(unsigned int v),"[{""count"": 128, ""max"": 127, ""min"": 0, ""name"": ""v"", ""type"": ""unsigned int"", ""values"": [0, 1, 2, 3, 4, 5, 6, 7, 8, 9, 10, 11, 12, 13, 14, 15, 16, 17, 18, 19, 20, 21, 22, 23, 24, 25, 26, 27, 28, 29, 30, 31, 32, 33, 34, 35, 36, 37, 38, 39, 40, 41, 42, 43, 44, 45, 46, 47, 48, 49, 50, 51, 52, 53, 54, 55, 56, 57, 58, 59, 60, 61, 62, 63, 64, 65, 66, 67, 68, 69, 70, 71, 72, 73, 74, 75, 76, 77, 78, 79, 80, 81, 82, 83, 84, 85, 86, 87, 88, 89, 90, 91, 92, 93, 94, 95, 96, 97, 98, 99, 100, 101, 102, 103, 104, 105, 106, 107, 108, 109, 110, 111, 112, 113, 114, 115, 116, 117, 118, 119, 120, 121, 122, 123, 124, 125, 126, 127]}]",128,1d37a5a84fc9073916148e5d267e10701eb892daeba62106fabcc0edc6019f78,11,1,0,0,0,0,10,0,0,5,0,0
44,2026070701,htslib,fallback,24,,hts_time_funcs.h,ed1e9d301f1d66d3799496721a068a7d5186dd704c9a43d3a9b14751bf682bd3,htslib::hts_time_funcs.h::hts_leaps_to_year_start::0003::175a7ed417f0,hts_leaps_to_year_start,3,selected,selected,int64_t,1,int64_t,int64_t hts_leaps_to_year_start(int64_t year),"[{""count"": 128, ""max"": 63, ""min"": -64, ""name"": ""year"", ""type"": ""int64_t"", ""values"": [-64, -63, -62, -61, -60, -59, -58, -57, -56, -55, -54, -53, -52, -51, -50, -49, -48, -47, -46, -45, -44, -43, -42, -41, -40, -39, -38, -37, -36, -35, -34, -33, -32, -31, -30, -29, -28, -27, -26, -25, -24, -23, -22, -21, -20, -19, -18, -17, -16, -15, -14, -13, -12, -11, -10, -9, -8, -7, -6, -5, -4, -3, -2, -1, 0, 1, 2, 3, 4, 5, 6, 7, 8, 9, 10, 11, 12, 13, 14, 15, 16, 17, 18, 19, 20, 21, 22, 23, 24, 25, 26, 27, 28, 29, 30, 31, 32, 33, 34, 35, 36, 37, 38, 39, 40, 41, 42, 43, 44, 45, 46, 47, 48, 49, 50, 51, 52, 53, 54, 55, 56, 57, 58, 59, 60, 61, 62, 63]}]",128,ec8c62509d7a7cb38c335efb27ab6b51c9b1b2c31692a0e664874e900e4ad6fb,11,1,0,0,0,0,0,0,0,3,0,0
45,2026070701,htslib,fallback,24,,cram/cram_decode.c,ceff82ccb0c79e888e2b41b5e4198806163df038d7f3ea568c0f77bf4df1aea6,htslib::cram_cram_decode.c::nbits::0004::cb1244c66c9e,nbits,4,selected,selected,int,1,int,int nbits(int v),"[{""count"": 128, ""max"": 63, ""min"": -64, ""name"": ""v"", ""type"": ""int"", ""values"": [-64, -63, -62, -61, -60, -59, -58, -57, -56, -55, -54, -53, -52, -51, -50, -49, -48, -47, -46, -45, -44, -43, -42, -41, -40, -39, -38, -37, -36, -35, -34, -33, -32, -31, -30, -29, -28, -27, -26, -25, -24, -23, -22, -21, -20, -19, -18, -17, -16, -15, -14, -13, -12, -11, -10, -9, -8, -7, -6, -5, -4, -3, -2, -1, 0, 1, 2, 3, 4, 5, 6, 7, 8, 9, 10, 11, 12, 13, 14, 15, 16, 17, 18, 19, 20, 21, 22, 23, 24, 25, 26, 27, 28, 29, 30, 31, 32, 33, 34, 35, 36, 37, 38, 39, 40, 41, 42, 43, 44, 45, 46, 47, 48, 49, 50, 51, 52, 53, 54, 55, 56, 57, 58, 59, 60, 61, 62, 63]}]",128,5445084ebebd7ab7e87cce7123807e695fb83695e0356ce56cae9696c04ab308,11,1,0,0,0,1,11,0,0,41,0,0
46,2026070701,libevent,fallback,25,,http.c,7e2e39e772cc1ff079f89f532224be3e3daa36abada910a85f37bfbccd363c9c,libevent::http.c::evhttp_valid_response_code::0010::698d7ff2942e,evhttp_valid_response_code,10,selected,selected,int,1,int,int evhttp_valid_response_code(int code),"[{""count"": 128, ""max"": 63, ""min"": -64, ""name"": ""code"", ""type"": ""int"", ""values"": [-64, -63, -62, -61, -60, -59, -58, -57, -56, -55, -54, -53, -52, -51, -50, -49, -48, -47, -46, -45, -44, -43, -42, -41, -40, -39, -38, -37, -36, -35, -34, -33, -32, -31, -30, -29, -28, -27, -26, -25, -24, -23, -22, -21, -20, -19, -18, -17, -16, -15, -14, -13, -12, -11, -10, -9, -8, -7, -6, -5, -4, -3, -2, -1, 0, 1, 2, 3, 4, 5, 6, 7, 8, 9, 10, 11, 12, 13, 14, 15, 16, 17, 18, 19, 20, 21, 22, 23, 24, 25, 26, 27, 28, 29, 30, 31, 32, 33, 34, 35, 36, 37, 38, 39, 40, 41, 42, 43, 44, 45, 46, 47, 48, 49, 50, 51, 52, 53, 54, 55, 56, 57, 58, 59, 60, 61, 62, 63]}]",128,b958e6d9218375ccb49233cf3e28a76f8785155ce587fb240360bb7c550a4fa4,11,2,1,0,0,0,0,1,0,3,0,0
47,2026070701,libevent,fallback,25,,evutil.c,2273f20507eda04ee11cb747567d184abdb9b25f21a173743e6b4eec73fa0915,libevent::evutil.c::evutil_global_setup_locks_::0036::278da0d7a858,evutil_global_setup_locks_,36,selected,selected,int,1,int,int evutil_global_setup_locks_(int enable_locks),"[{""count"": 128, ""max"": 63, ""min"": -64, ""name"": ""enable_locks"", ""type"": ""int"", ""values"": [-64, -63, -62, -61, -60, -59, -58, -57, -56, -55, -54, -53, -52, -51, -50, -49, -48, -47, -46, -45, -44, -43, -42, -41, -40, -39, -38, -37, -36, -35, -34, -33, -32, -31, -30, -29, -28, -27, -26, -25, -24, -23, -22, -21, -20, -19, -18, -17, -16, -15, -14, -13, -12, -11, -10, -9, -8, -7, -6, -5, -4, -3, -2, -1, 0, 1, 2, 3, 4, 5, 6, 7, 8, 9, 10, 11, 12, 13, 14, 15, 16, 17, 18, 19, 20, 21, 22, 23, 24, 25, 26, 27, 28, 29, 30, 31, 32, 33, 34, 35, 36, 37, 38, 39, 40, 41, 42, 43, 44, 45, 46, 47, 48, 49, 50, 51, 52, 53, 54, 55, 56, 57, 58, 59, 60, 61, 62, 63]}]",128,b60c738aa43542d045a578fc5029c44813e80d2cfa44ff30b8012a93315555dd,11,1,0,0,0,0,0,0,0,1,0,0
48,2026070701,libevent,fallback,25,,evutil_rand.c,fb79af93eae3429f550a1d337c7a1ec3cfd4fb9895e5ecaad09081fecff9e7fd,libevent::evutil_rand.c::evutil_secure_rng_global_setup_locks_::0003::7efb4331ab02,evutil_secure_rng_global_setup_locks_,3,selected,selected,int,1,int,int evutil_secure_rng_global_setup_locks_(int enable_locks),"[{""count"": 128, ""max"": 63, ""min"": -64, ""name"": ""enable_locks"", ""type"": ""int"", ""values"": [-64, -63, -62, -61, -60, -59, -58, -57, -56, -55, -54, -53, -52, -51, -50, -49, -48, -47, -46, -45, -44, -43, -42, -41, -40, -39, -38, -37, -36, -35, -34, -33, -32, -31, -30, -29, -28, -27, -26, -25, -24, -23, -22, -21, -20, -19, -18, -17, -16, -15, -14, -13, -12, -11, -10, -9, -8, -7, -6, -5, -4, -3, -2, -1, 0, 1, 2, 3, 4, 5, 6, 7, 8, 9, 10, 11, 12, 13, 14, 15, 16, 17, 18, 19, 20, 21, 22, 23, 24, 25, 26, 27, 28, 29, 30, 31, 32, 33, 34, 35, 36, 37, 38, 39, 40, 41, 42, 43, 44, 45, 46, 47, 48, 49, 50, 51, 52, 53, 54, 55, 56, 57, 58, 59, 60, 61, 62, 63]}]",128,cd426461011a2ad983523e8f0aed0073bda1a488d091a56d6d970190c132c15d,11,1,0,0,0,0,0,0,0,1,0,0
49,2026070701,libevent,fallback,25,,bufferevent_openssl.c,147ae76798ca0a4db7ec5bd39051939c90f913d186944aac4e2caea6d83281bd,libevent::bufferevent_openssl.c::SSL_handshake_is_ok::0007::3cc89ee51b63,SSL_handshake_is_ok,7,selected,selected,int,1,int,int SSL_handshake_is_ok(int err),"[{""count"": 128, ""max"": 63, ""min"": -64, ""name"": ""err"", ""type"": ""int"", ""values"": [-64, -63, -62, -61, -60, -59, -58, -57, -56, -55, -54, -53, -52, -51, -50, -49, -48, -47, -46, -45, -44, -43, -42, -41, -40, -39, -38, -37, -36, -35, -34, -33, -32, -31, -30, -29, -28, -27, -26, -25, -24, -23, -22, -21, -20, -19, -18, -17, -16, -15, -14, -13, -12, -11, -10, -9, -8, -7, -6, -5, -4, -3, -2, -1, 0, 1, 2, 3, 4, 5, 6, 7, 8, 9, 10, 11, 12, 13, 14, 15, 16, 17, 18, 19, 20, 21, 22, 23, 24, 25, 26, 27, 28, 29, 30, 31, 32, 33, 34, 35, 36, 37, 38, 39, 40, 41, 42, 43, 44, 45, 46, 47, 48, 49, 50, 51, 52, 53, 54, 55, 56, 57, 58, 59, 60, 61, 62, 63]}]",128,6137338c84964e20783ad3e6b214d25d3ed2aa02b5d9cc62206c800f147759c9,11,1,0,0,0,0,0,1,0,1,0,0
50,2026070701,libuv,fallback,26,,src/unix/core.c,18bfd5f2045417f8ace5d76e222bf7441b31ead5fc2cbaf6225965e0afea8767,libuv::src_unix_core.c::next_power_of_two::0024::14d21b35bd8f,next_power_of_two,24,selected,selected,unsigned int,1,unsigned int,unsigned int next_power_of_two(unsigned int val),"[{""count"": 128, ""max"": 127, ""min"": 0, ""name"": ""val"", ""type"": ""unsigned int"", ""values"": [0, 1, 2, 3, 4, 5, 6, 7, 8, 9, 10, 11, 12, 13, 14, 15, 16, 17, 18, 19, 20, 21, 22, 23, 24, 25, 26, 27, 28, 29, 30, 31, 32, 33, 34, 35, 36, 37, 38, 39, 40, 41, 42, 43, 44, 45, 46, 47, 48, 49, 50, 51, 52, 53, 54, 55, 56, 57, 58, 59, 60, 61, 62, 63, 64, 65, 66, 67, 68, 69, 70, 71, 72, 73, 74, 75, 76, 77, 78, 79, 80, 81, 82, 83, 84, 85, 86, 87, 88, 89, 90, 91, 92, 93, 94, 95, 96, 97, 98, 99, 100, 101, 102, 103, 104, 105, 106, 107, 108, 109, 110, 111, 112, 113, 114, 115, 116, 117, 118, 119, 120, 121, 122, 123, 124, 125, 126, 127]}]",128,4cfa7215bfbd2a251dc9dfdb27b8fbf693f0db7351bbe5d5ca8ca908694d246a,11,1,0,0,0,0,10,0,0,7,0,0
51,2026070701,libuv,fallback,26,,src/unix/os390-syscalls.c,76c5779fa2be1665b8d82c1e010eb37a9b216f8bdbdbd1a48f8c4f8985edc3d6,libuv::src_unix_os390-syscalls.c::next_power_of_two::0002::07dc76456c29,next_power_of_two,2,selected,selected,unsigned int,1,unsigned int,unsigned int next_power_of_two(unsigned int val),"[{""count"": 128, ""max"": 127, ""min"": 0, ""name"": ""val"", ""type"": ""unsigned int"", ""values"": [0, 1, 2, 3, 4, 5, 6, 7, 8, 9, 10, 11, 12, 13, 14, 15, 16, 17, 18, 19, 20, 21, 22, 23, 24, 25, 26, 27, 28, 29, 30, 31, 32, 33, 34, 35, 36, 37, 38, 39, 40, 41, 42, 43, 44, 45, 46, 47, 48, 49, 50, 51, 52, 53, 54, 55, 56, 57, 58, 59, 60, 61, 62, 63, 64, 65, 66, 67, 68, 69, 70, 71, 72, 73, 74, 75, 76, 77, 78, 79, 80, 81, 82, 83, 84, 85, 86, 87, 88, 89, 90, 91, 92, 93, 94, 95, 96, 97, 98, 99, 100, 101, 102, 103, 104, 105, 106, 107, 108, 109, 110, 111, 112, 113, 114, 115, 116, 117, 118, 119, 120, 121, 122, 123, 124, 125, 126, 127]}]",128,4cfa7215bfbd2a251dc9dfdb27b8fbf693f0db7351bbe5d5ca8ca908694d246a,11,1,0,0,0,0,10,0,0,7,0,0
52,2026070701,libuv,fallback,26,,src/unix/core.c,18bfd5f2045417f8ace5d76e222bf7441b31ead5fc2cbaf6225965e0afea8767,libuv::src_unix_core.c::uv_translate_sys_error::0042::4890854660b0,uv_translate_sys_error,42,selected,selected,int,1,int,int uv_translate_sys_error(int sys_errno),"[{""count"": 128, ""max"": 63, ""min"": -64, ""name"": ""sys_errno"", ""type"": ""int"", ""values"": [-64, -63, -62, -61, -60, -59, -58, -57, -56, -55, -54, -53, -52, -51, -50, -49, -48, -47, -46, -45, -44, -43, -42, -41, -40, -39, -38, -37, -36, -35, -34, -33, -32, -31, -30, -29, -28, -27, -26, -25, -24, -23, -22, -21, -20, -19, -18, -17, -16, -15, -14, -13, -12, -11, -10, -9, -8, -7, -6, -5, -4, -3, -2, -1, 0, 1, 2, 3, 4, 5, 6, 7, 8, 9, 10, 11, 12, 13, 14, 15, 16, 17, 18, 19, 20, 21, 22, 23, 24, 25, 26, 27, 28, 29, 30, 31, 32, 33, 34, 35, 36, 37, 38, 39, 40, 41, 42, 43, 44, 45, 46, 47, 48, 49, 50, 51, 52, 53, 54, 55, 56, 57, 58, 59, 60, 61, 62, 63]}]",128,65cf31b19916af660b1b8c4317a547551b8bbae7956362adb65b6a125bab60d2,11,2,1,0,0,0,0,1,0,1,0,0
53,2026070701,brotli,fallback,27,,c/enc/encode.c,808d09144e1a59c9cfc5e0a312584f18251687976b926d8bbdfeb70d538d959c,brotli::c_enc_encode.c::BrotliEncoderMaxCompressedSize::0007::2bb0ac63e571,BrotliEncoderMaxCompressedSize,7,selected,selected,size_t,1,size_t,size_t BrotliEncoderMaxCompressedSize(size_t input_size),"[{""count"": 128, ""max"": 127, ""min"": 0, ""name"": ""input_size"", ""type"": ""size_t"", ""values"": [0, 1, 2, 3, 4, 5, 6, 7, 8, 9, 10, 11, 12, 13, 14, 15, 16, 17, 18, 19, 20, 21, 22, 23, 24, 25, 26, 27, 28, 29, 30, 31, 32, 33, 34, 35, 36, 37, 38, 39, 40, 41, 42, 43, 44, 45, 46, 47, 48, 49, 50, 51, 52, 53, 54, 55, 56, 57, 58, 59, 60, 61, 62, 63, 64, 65, 66, 67, 68, 69, 70, 71, 72, 73, 74, 75, 76, 77, 78, 79, 80, 81, 82, 83, 84, 85, 86, 87, 88, 89, 90, 91, 92, 93, 94, 95, 96, 97, 98, 99, 100, 101, 102, 103, 104, 105, 106, 107, 108, 109, 110, 111, 112, 113, 114, 115, 116, 117, 118, 119, 120, 121, 122, 123, 124, 125, 126, 127]}]",128,db58d7a63837577b2608a260d2be35d91ffe22b9ca485aec97965b8794659b86,11,3,2,0,0,0,1,2,0,8,0,0
54,2026070701,brotli,fallback,27,,c/enc/encode.c,808d09144e1a59c9cfc5e0a312584f18251687976b926d8bbdfeb70d538d959c,brotli::c_enc_encode.c::HashTableSize::0005::4730b6b6e775,HashTableSize,5,selected,selected,size_t,2,size_t;size_t,"size_t HashTableSize(size_t max_table_size, size_t input_size)","[{""count"": 64, ""max"": 63, ""min"": 0, ""name"": ""max_table_size"", ""type"": ""size_t"", ""values"": [0, 1, 2, 3, 4, 5, 6, 7, 8, 9, 10, 11, 12, 13, 14, 15, 16, 17, 18, 19, 20, 21, 22, 23, 24, 25, 26, 27, 28, 29, 30, 31, 32, 33, 34, 35, 36, 37, 38, 39, 40, 41, 42, 43, 44, 45, 46, 47, 48, 49, 50, 51, 52, 53, 54, 55, 56, 57, 58, 59, 60, 61, 62, 63]}, {""count"": 64, ""max"": 63, ""min"": 0, ""name"": ""input_size"", ""type"": ""size_t"", ""values"": [0, 1, 2, 3, 4, 5, 6, 7, 8, 9, 10, 11, 12, 13, 14, 15, 16, 17, 18, 19, 20, 21, 22, 23, 24, 25, 26, 27, 28, 29, 30, 31, 32, 33, 34, 35, 36, 37, 38, 39, 40, 41, 42, 43, 44, 45, 46, 47, 48, 49, 50, 51, 52, 53, 54, 55, 56, 57, 58, 59, 60, 61, 62, 63]}]",4096,7fb450981c9f536a84a9999143c364f8a197c6278d3f31060326da31d3e7be01,11,3,0,1,0,0,1,3,0,2,1,0
55,2026070701,brotli,fallback,27,,c/enc/encode.c,808d09144e1a59c9cfc5e0a312584f18251687976b926d8bbdfeb70d538d959c,brotli::c_enc_encode.c::WrapPosition::0004::4262ee5ab769,WrapPosition,4,selected,selected,uint32_t,1,uint64_t,uint32_t WrapPosition(uint64_t position),"[{""count"": 128, ""max"": 127, ""min"": 0, ""name"": ""position"", ""type"": ""uint64_t"", ""values"": [0, 1, 2, 3, 4, 5, 6, 7, 8, 9, 10, 11, 12, 13, 14, 15, 16, 17, 18, 19, 20, 21, 22, 23, 24, 25, 26, 27, 28, 29, 30, 31, 32, 33, 34, 35, 36, 37, 38, 39, 40, 41, 42, 43, 44, 45, 46, 47, 48, 49, 50, 51, 52, 53, 54, 55, 56, 57, 58, 59, 60, 61, 62, 63, 64, 65, 66, 67, 68, 69, 70, 71, 72, 73, 74, 75, 76, 77, 78, 79, 80, 81, 82, 83, 84, 85, 86, 87, 88, 89, 90, 91, 92, 93, 94, 95, 96, 97, 98, 99, 100, 101, 102, 103, 104, 105, 106, 107, 108, 109, 110, 111, 112, 113, 114, 115, 116, 117, 118, 119, 120, 121, 122, 123, 124, 125, 126, 127]}]",128,d6021524b0dd951484e3fdde3674e53bf1429d61bbc528cfe426dc27d31db2b6,11,2,1,0,0,0,6,1,0,13,0,0
56,2026070701,nghttp2,fallback,28,,src/timegm.c,ff5282c324ec06f618731a3fcf68c4239ec5698153d468dc55bb91d284754cb5,nghttp2::src_timegm.c::is_leap_year::0002::b03568a36b5e,is_leap_year,2,selected,selected,int,1,int,int is_leap_year(int y),"[{""count"": 128, ""max"": 63, ""min"": -64, ""name"": ""y"", ""type"": ""int"", ""values"": [-64, -63, -62, -61, -60, -59, -58, -57, -56, -55, -54, -53, -52, -51, -50, -49, -48, -47, -46, -45, -44, -43, -42, -41, -40, -39, -38, -37, -36, -35, -34, -33, -32, -31, -30, -29, -28, -27, -26, -25, -24, -23, -22, -21, -20, -19, -18, -17, -16, -15, -14, -13, -12, -11, -10, -9, -8, -7, -6, -5, -4, -3, -2, -1, 0, 1, 2, 3, 4, 5, 6, 7, 8, 9, 10, 11, 12, 13, 14, 15, 16, 17, 18, 19, 20, 21, 22, 23, 24, 25, 26, 27, 28, 29, 30, 31, 32, 33, 34, 35, 36, 37, 38, 39, 40, 41, 42, 43, 44, 45, 46, 47, 48, 49, 50, 51, 52, 53, 54, 55, 56, 57, 58, 59, 60, 61, 62, 63]}]",128,3f1075e8d593abada7462703698399a2c7cb84218fe8be6ac343adc9b033fb4c,11,3,0,0,0,0,0,3,0,6,0,0
57,2026070701,nghttp2,fallback,28,,lib/nghttp2_hd_huffman.h,66bb9936acacf831c141aee9f2c7ec2137a19737711603a51818381c35fcbbe7,nghttp2::lib_nghttp2_hd_huffman.h::nghttp2_huff_estimate_decode_length::0001::7090718f291b,nghttp2_huff_estimate_decode_length,1,selected,selected,size_t,1,size_t,size_t nghttp2_huff_estimate_decode_length(size_t len),"[{""count"": 128, ""max"": 127, ""min"": 0, ""name"": ""len"", ""type"": ""size_t"", ""values"": [0, 1, 2, 3, 4, 5, 6, 7, 8, 9, 10, 11, 12, 13, 14, 15, 16, 17, 18, 19, 20, 21, 22, 23, 24, 25, 26, 27, 28, 29, 30, 31, 32, 33, 34, 35, 36, 37, 38, 39, 40, 41, 42, 43, 44, 45, 46, 47, 48, 49, 50, 51, 52, 53, 54, 55, 56, 57, 58, 59, 60, 61, 62, 63, 64, 65, 66, 67, 68, 69, 70, 71, 72, 73, 74, 75, 76, 77, 78, 79, 80, 81, 82, 83, 84, 85, 86, 87, 88, 89, 90, 91, 92, 93, 94, 95, 96, 97, 98, 99, 100, 101, 102, 103, 104, 105, 106, 107, 108, 109, 110, 111, 112, 113, 114, 115, 116, 117, 118, 119, 120, 121, 122, 123, 124, 125, 126, 127]}]",128,76044ac1210b8cf1bcf8d73744ef60148b8cff08189f743fcf88c2fb8753c735,11,1,0,0,0,0,0,0,0,2,0,0
58,2026070701,nghttp2,fallback,28,,lib/nghttp2_helper.c,49434a32fd23dd7115cae8548853cebc4ffc8ef7da4468d54be0e0bff984995f,nghttp2::lib_nghttp2_helper.c::nghttp2_should_send_window_update::0005::16ca1890ce82,nghttp2_should_send_window_update,5,selected,selected,int,2,int32_t;int32_t,"int nghttp2_should_send_window_update(int32_t local_window_size, int32_t recv_window_size)","[{""count"": 64, ""max"": 31, ""min"": -32, ""name"": ""local_window_size"", ""type"": ""int32_t"", ""values"": [-32, -31, -30, -29, -28, -27, -26, -25, -24, -23, -22, -21, -20, -19, -18, -17, -16, -15, -14, -13, -12, -11, -10, -9, -8, -7, -6, -5, -4, -3, -2, -1, 0, 1, 2, 3, 4, 5, 6, 7, 8, 9, 10, 11, 12, 13, 14, 15, 16, 17, 18, 19, 20, 21, 22, 23, 24, 25, 26, 27, 28, 29, 30, 31]}, {""count"": 64, ""max"": 31, ""min"": -32, ""name"": ""recv_window_size"", ""type"": ""int32_t"", ""values"": [-32, -31, -30, -29, -28, -27, -26, -25, -24, -23, -22, -21, -20, -19, -18, -17, -16, -15, -14, -13, -12, -11, -10, -9, -8, -7, -6, -5, -4, -3, -2, -1, 0, 1, 2, 3, 4, 5, 6, 7, 8, 9, 10, 11, 12, 13, 14, 15, 16, 17, 18, 19, 20, 21, 22, 23, 24, 25, 26, 27, 28, 29, 30, 31]}]",4096,e2c531eb39779233d0ac6e8c43c6b376d015cd349b955a6924def44a26d8089f,11,2,0,0,0,0,0,2,0,2,1,0
59,2026070701,nghttp2,fallback,28,,src/timegm.c,ff5282c324ec06f618731a3fcf68c4239ec5698153d468dc55bb91d284754cb5,nghttp2::src_timegm.c::count_leap_year::0001::b841488a50ab,count_leap_year,1,selected,selected,int,1,int,int count_leap_year(int y),"[{""count"": 128, ""max"": 63, ""min"": -64, ""name"": ""y"", ""type"": ""int"", ""values"": [-64, -63, -62, -61, -60, -59, -58, -57, -56, -55, -54, -53, -52, -51, -50, -49, -48, -47, -46, -45, -44, -43, -42, -41, -40, -39, -38, -37, -36, -35, -34, -33, -32, -31, -30, -29, -28, -27, -26, -25, -24, -23, -22, -21, -20, -19, -18, -17, -16, -15, -14, -13, -12, -11, -10, -9, -8, -7, -6, -5, -4, -3, -2, -1, 0, 1, 2, 3, 4, 5, 6, 7, 8, 9, 10, 11, 12, 13, 14, 15, 16, 17, 18, 19, 20, 21, 22, 23, 24, 25, 26, 27, 28, 29, 30, 31, 32, 33, 34, 35, 36, 37, 38, 39, 40, 41, 42, 43, 44, 45, 46, 47, 48, 49, 50, 51, 52, 53, 54, 55, 56, 57, 58, 59, 60, 61, 62, 63]}]",128,291cbaca0b191c78fb3dd155f40a57524b40a01de77f483e91e80222ff2fe409,11,1,0,0,0,0,0,0,0,4,0,0
60,2026070701,c-ares,fallback,29,,src/lib/str/ares_str.c,51e7fcf98a06f0dd7612d7c34c784e1e186a1b49265fd138515daa1bbfbb5a4f,c-ares::src_lib_str_ares_str.c::ares_tolower::0004::09fbebf5e8e1,ares_tolower,4,selected,selected,unsigned char,1,unsigned char,unsigned char ares_tolower(unsigned char c),"[{""count"": 128, ""max"": 127, ""min"": 0, ""name"": ""c"", ""type"": ""unsigned char"", ""values"": [0, 1, 2, 3, 4, 5, 6, 7, 8, 9, 10, 11, 12, 13, 14, 15, 16, 17, 18, 19, 20, 21, 22, 23, 24, 25, 26, 27, 28, 29, 30, 31, 32, 33, 34, 35, 36, 37, 38, 39, 40, 41, 42, 43, 44, 45, 46, 47, 48, 49, 50, 51, 52, 53, 54, 55, 56, 57, 58, 59, 60, 61, 62, 63, 64, 65, 66, 67, 68, 69, 70, 71, 72, 73, 74, 75, 76, 77, 78, 79, 80, 81, 82, 83, 84, 85, 86, 87, 88, 89, 90, 91, 92, 93, 94, 95, 96, 97, 98, 99, 100, 101, 102, 103, 104, 105, 106, 107, 108, 109, 110, 111, 112, 113, 114, 115, 116, 117, 118, 119, 120, 121, 122, 123, 124, 125, 126, 127]}]",128,2c26b6fc0d7f84bc4f6b54d2186677fadb855ea1b7b83abad9891f73d44b7fe4,11,1,0,0,0,1,0,0,0,0,0,0
61,2026070701,libxdiff,fallback,32,,xutils.c,82ea4546497bd7212ff445537b58a9c64dcae297b839c2fa9b374aa40cd5c862,libxdiff::xutils.c::xdl_bogosqrt::0001::4a9d97f32ee4,xdl_bogosqrt,1,selected,selected,long,1,long,long xdl_bogosqrt(long n),"[{""count"": 128, ""max"": 63, ""min"": -64, ""name"": ""n"", ""type"": ""long"", ""values"": [-64, -63, -62, -61, -60, -59, -58, -57, -56, -55, -54, -53, -52, -51, -50, -49, -48, -47, -46, -45, -44, -43, -42, -41, -40, -39, -38, -37, -36, -35, -34, -33, -32, -31, -30, -29, -28, -27, -26, -25, -24, -23, -22, -21, -20, -19, -18, -17, -16, -15, -14, -13, -12, -11, -10, -9, -8, -7, -6, -5, -4, -3, -2, -1, 0, 1, 2, 3, 4, 5, 6, 7, 8, 9, 10, 11, 12, 13, 14, 15, 16, 17, 18, 19, 20, 21, 22, 23, 24, 25, 26, 27, 28, 29, 30, 31, 32, 33, 34, 35, 36, 37, 38, 39, 40, 41, 42, 43, 44, 45, 46, 47, 48, 49, 50, 51, 52, 53, 54, 55, 56, 57, 58, 59, 60, 61, 62, 63]}]",128,27388512ccffc180155c28d26fddb9dfc5d40d930d195e8642a5b7dfa62cbec9,11,2,0,1,0,0,2,3,0,4,0,0
62,2026070701,ccan,fallback,33,,ccan/darray/darray.h,07587995f0b74089f948017319d0bc93c3e61579d83d3a6ca20f40a0b8377214,ccan::ccan_darray_darray.h::darray_next_alloc::0001::e39261abae29,darray_next_alloc,1,selected,selected,size_t,2,size_t;size_t,"size_t darray_next_alloc(size_t alloc, size_t need)","[{""count"": 64, ""max"": 63, ""min"": 0, ""name"": ""alloc"", ""type"": ""size_t"", ""values"": [0, 1, 2, 3, 4, 5, 6, 7, 8, 9, 10, 11, 12, 13, 14, 15, 16, 17, 18, 19, 20, 21, 22, 23, 24, 25, 26, 27, 28, 29, 30, 31, 32, 33, 34, 35, 36, 37, 38, 39, 40, 41, 42, 43, 44, 45, 46, 47, 48, 49, 50, 51, 52, 53, 54, 55, 56, 57, 58, 59, 60, 61, 62, 63]}, {""count"": 64, ""max"": 63, ""min"": 0, ""name"": ""need"", ""type"": ""size_t"", ""values"": [0, 1, 2, 3, 4, 5, 6, 7, 8, 9, 10, 11, 12, 13, 14, 15, 16, 17, 18, 19, 20, 21, 22, 23, 24, 25, 26, 27, 28, 29, 30, 31, 32, 33, 34, 35, 36, 37, 38, 39, 40, 41, 42, 43, 44, 45, 46, 47, 48, 49, 50, 51, 52, 53, 54, 55, 56, 57, 58, 59, 60, 61, 62, 63]}]",4096,9b8e8f0ef75279eaf19cef757a361bdfc496d44d2608b0024242cc13083098e7,11,3,1,1,0,0,0,2,0,3,1,0
63,2026070701,ccan,fallback,33,,ccan/bitops/bitops.c,23c5a4e38cb21e61ebb705b6dd59d8725c1ccccb5167402ff3a62f79a183f588,ccan::ccan_bitops_bitops.c::bitops_weight64::0008::332172c9358f,bitops_weight64,8,selected,selected,int,1,uint64_t,int bitops_weight64(uint64_t u),"[{""count"": 128, ""max"": 127, ""min"": 0, ""name"": ""u"", ""type"": ""uint64_t"", ""values"": [0, 1, 2, 3, 4, 5, 6, 7, 8, 9, 10, 11, 12, 13, 14, 15, 16, 17, 18, 19, 20, 21, 22, 23, 24, 25, 26, 27, 28, 29, 30, 31, 32, 33, 34, 35, 36, 37, 38, 39, 40, 41, 42, 43, 44, 45, 46, 47, 48, 49, 50, 51, 52, 53, 54, 55, 56, 57, 58, 59, 60, 61, 62, 63, 64, 65, 66, 67, 68, 69, 70, 71, 72, 73, 74, 75, 76, 77, 78, 79, 80, 81, 82, 83, 84, 85, 86, 87, 88, 89, 90, 91, 92, 93, 94, 95, 96, 97, 98, 99, 100, 101, 102, 103, 104, 105, 106, 107, 108, 109, 110, 111, 112, 113, 114, 115, 116, 117, 118, 119, 120, 121, 122, 123, 124, 125, 126, 127]}]",128,0b32bdf3676902141afbbcf9e1e1eb6855100d563f367ca9f600a62d0ef6c392,11,3,1,1,0,0,2,1,0,5,0,0
64,2026070701,ccan,fallback,33,,ccan/md4/md4.c,2037e8b6ec416a0d9558f1ce9631aed9afb3780e0030b135893cc5b954e3cbbf,ccan::ccan_md4_md4.c::H::0004::535318f1ae4c,H,4,selected,selected,uint32_t,3,uint32_t;uint32_t;uint32_t,"uint32_t H(uint32_t x, uint32_t y, uint32_t z)","[{""count"": 16, ""max"": 15, ""min"": 0, ""name"": ""x"", ""type"": ""uint32_t"", ""values"": [0, 1, 2, 3, 4, 5, 6, 7, 8, 9, 10, 11, 12, 13, 14, 15]}, {""count"": 16, ""max"": 15, ""min"": 0, ""name"": ""y"", ""type"": ""uint32_t"", ""values"": [0, 1, 2, 3, 4, 5, 6, 7, 8, 9, 10, 11, 12, 13, 14, 15]}, {""count"": 16, ""max"": 15, ""min"": 0, ""name"": ""z"", ""type"": ""uint32_t"", ""values"": [0, 1, 2, 3, 4, 5, 6, 7, 8, 9, 10, 11, 12, 13, 14, 15]}]",4096,b6770ed7ff7da2b75962f62634dedfb0135b5c80c95a03e6b8808e8f63c3823e,11,1,0,0,0,0,2,0,0,0,1,0
65,2026070701,ccan,fallback,33,,ccan/crypto/sha256/sha256.c,1f5f9a116663e2bf78ceaa14d80d4f022798b702b4e36a7ddf169c46164f134d,ccan::ccan_crypto_sha256_sha256.c::Ch::0001::2305e0640532,Ch,1,selected,selected,uint32_t,3,uint32_t;uint32_t;uint32_t,"uint32_t Ch(uint32_t x, uint32_t y, uint32_t z)","[{""count"": 16, ""max"": 15, ""min"": 0, ""name"": ""x"", ""type"": ""uint32_t"", ""values"": [0, 1, 2, 3, 4, 5, 6, 7, 8, 9, 10, 11, 12, 13, 14, 15]}, {""count"": 16, ""max"": 15, ""min"": 0, ""name"": ""y"", ""type"": ""uint32_t"", ""values"": [0, 1, 2, 3, 4, 5, 6, 7, 8, 9, 10, 11, 12, 13, 14, 15]}, {""count"": 16, ""max"": 15, ""min"": 0, ""name"": ""z"", ""type"": ""uint32_t"", ""values"": [0, 1, 2, 3, 4, 5, 6, 7, 8, 9, 10, 11, 12, 13, 14, 15]}]",4096,40be9791433c85d6569b1dcefd6888125dc92c0ab0e2d179111bd5989bb0bed7,11,1,0,0,0,0,3,0,0,0,1,0
66,2026070701,ccan,fallback,33,,ccan/crypto/sha256/sha256.c,1f5f9a116663e2bf78ceaa14d80d4f022798b702b4e36a7ddf169c46164f134d,ccan::ccan_crypto_sha256_sha256.c::Maj::0002::5e63c5eed525,Maj,2,selected,selected,uint32_t,3,uint32_t;uint32_t;uint32_t,"uint32_t Maj(uint32_t x, uint32_t y, uint32_t z)","[{""count"": 16, ""max"": 15, ""min"": 0, ""name"": ""x"", ""type"": ""uint32_t"", ""values"": [0, 1, 2, 3, 4, 5, 6, 7, 8, 9, 10, 11, 12, 13, 14, 15]}, {""count"": 16, ""max"": 15, ""min"": 0, ""name"": ""y"", ""type"": ""uint32_t"", ""values"": [0, 1, 2, 3, 4, 5, 6, 7, 8, 9, 10, 11, 12, 13, 14, 15]}, {""count"": 16, ""max"": 15, ""min"": 0, ""name"": ""z"", ""type"": ""uint32_t"", ""values"": [0, 1, 2, 3, 4, 5, 6, 7, 8, 9, 10, 11, 12, 13, 14, 15]}]",4096,e76bde43783a8f68f62280bf460c70f0cfc4d255f718ced870b42338c5eb3b2d,11,1,0,0,0,0,4,0,0,0,1,0
67,2026070701,ccan,fallback,33,,ccan/antithread/alloc/bitops.c,6de83965c154cb2a5fcc313a10720c3dbce2b8920b6989239bb716b1543b8d32,ccan::ccan_antithread_alloc_bitops.c::align_up::0004::5227265c66cd,align_up,4,selected,selected,unsigned long,2,unsigned long;unsigned long,"unsigned long align_up(unsigned long x, unsigned long align)","[{""count"": 64, ""max"": 63, ""min"": 0, ""name"": ""x"", ""type"": ""unsigned long"", ""values"": [0, 1, 2, 3, 4, 5, 6, 7, 8, 9, 10, 11, 12, 13, 14, 15, 16, 17, 18, 19, 20, 21, 22, 23, 24, 25, 26, 27, 28, 29, 30, 31, 32, 33, 34, 35, 36, 37, 38, 39, 40, 41, 42, 43, 44, 45, 46, 47, 48, 49, 50, 51, 52, 53, 54, 55, 56, 57, 58, 59, 60, 61, 62, 63]}, {""count"": 64, ""max"": 63, ""min"": 0, ""name"": ""align"", ""type"": ""unsigned long"", ""values"": [0, 1, 2, 3, 4, 5, 6, 7, 8, 9, 10, 11, 12, 13, 14, 15, 16, 17, 18, 19, 20, 21, 22, 23, 24, 25, 26, 27, 28, 29, 30, 31, 32, 33, 34, 35, 36, 37, 38, 39, 40, 41, 42, 43, 44, 45, 46, 47, 48, 49, 50, 51, 52, 53, 54, 55, 56, 57, 58, 59, 60, 61, 62, 63]}]",4096,90b41ede805196e2b7650fe2c402e2df08841896f7bce14d79b3afc64fceadca,11,1,0,0,0,0,2,0,0,2,1,0
68,2026070701,ccan,fallback,33,,ccan/md4/md4.c,2037e8b6ec416a0d9558f1ce9631aed9afb3780e0030b135893cc5b954e3cbbf,ccan::ccan_md4_md4.c::G::0003::ffb9501febd3,G,3,selected,selected,uint32_t,3,uint32_t;uint32_t;uint32_t,"uint32_t G(uint32_t x, uint32_t y, uint32_t z)","[{""count"": 16, ""max"": 15, ""min"": 0, ""name"": ""x"", ""type"": ""uint32_t"", ""values"": [0, 1, 2, 3, 4, 5, 6, 7, 8, 9, 10, 11, 12, 13, 14, 15]}, {""count"": 16, ""max"": 15, ""min"": 0, ""name"": ""y"", ""type"": ""uint32_t"", ""values"": [0, 1, 2, 3, 4, 5, 6, 7, 8, 9, 10, 11, 12, 13, 14, 15]}, {""count"": 16, ""max"": 15, ""min"": 0, ""name"": ""z"", ""type"": ""uint32_t"", ""values"": [0, 1, 2, 3, 4, 5, 6, 7, 8, 9, 10, 11, 12, 13, 14, 15]}]",4096,f52522059240b744437e937ab08be9096122c5b4b42a1aa6a843ba636c63e852,11,1,0,0,0,0,5,0,0,0,1,0
69,2026070701,ccan,fallback,33,,ccan/permutation/permutation.c,d3d3b093c9752fd9522bc88b76cba5135b329ffec206af827c74883a05ecfbfe,ccan::ccan_permutation_permutation.c::permutation_count::0001::91c2dd9a79f1,permutation_count,1,selected,selected,unsigned long long,1,int,unsigned long long permutation_count(int n),"[{""count"": 128, ""max"": 63, ""min"": -64, ""name"": ""n"", ""type"": ""int"", ""values"": [-64, -63, -62, -61, -60, -59, -58, -57, -56, -55, -54, -53, -52, -51, -50, -49, -48, -47, -46, -45, -44, -43, -42, -41, -40, -39, -38, -37, -36, -35, -34, -33, -32, -31, -30, -29, -28, -27, -26, -25, -24, -23, -22, -21, -20, -19, -18, -17, -16, -15, -14, -13, -12, -11, -10, -9, -8, -7, -6, -5, -4, -3, -2, -1, 0, 1, 2, 3, 4, 5, 6, 7, 8, 9, 10, 11, 12, 13, 14, 15, 16, 17, 18, 19, 20, 21, 22, 23, 24, 25, 26, 27, 28, 29, 30, 31, 32, 33, 34, 35, 36, 37, 38, 39, 40, 41, 42, 43, 44, 45, 46, 47, 48, 49, 50, 51, 52, 53, 54, 55, 56, 57, 58, 59, 60, 61, 62, 63]}]",128,783074a894c3b60e48b7fed154ee197ee05d185563cdb79588bcfbd791025ca5,11,2,0,1,0,0,0,1,0,2,0,0
70,2026070701,ccan,fallback,33,,ccan/md4/md4.c,2037e8b6ec416a0d9558f1ce9631aed9afb3780e0030b135893cc5b954e3cbbf,ccan::ccan_md4_md4.c::F::0002::11d31d4f1b7d,F,2,selected,selected,uint32_t,3,uint32_t;uint32_t;uint32_t,"uint32_t F(uint32_t x, uint32_t y, uint32_t z)","[{""count"": 16, ""max"": 15, ""min"": 0, ""name"": ""x"", ""type"": ""uint32_t"", ""values"": [0, 1, 2, 3, 4, 5, 6, 7, 8, 9, 10, 11, 12, 13, 14, 15]}, {""count"": 16, ""max"": 15, ""min"": 0, ""name"": ""y"", ""type"": ""uint32_t"", ""values"": [0, 1, 2, 3, 4, 5, 6, 7, 8, 9, 10, 11, 12, 13, 14, 15]}, {""count"": 16, ""max"": 15, ""min"": 0, ""name"": ""z"", ""type"": ""uint32_t"", ""values"": [0, 1, 2, 3, 4, 5, 6, 7, 8, 9, 10, 11, 12, 13, 14, 15]}]",4096,48b1920a75e78ff7c2dd26e346933bc5b81b13d51beccfac2ee6836726ac6aa5,11,1,0,0,0,0,4,0,0,0,1,0
71,2026070701,ccan,fallback,33,,ccan/crypto/sha512/sha512.c,8e10bd09e6abdaa27dcc7137e28f2f76ae91cb89c70fcb4e8bbeede78172e091,ccan::ccan_crypto_sha512_sha512.c::Ch::0001::10bfb14df60c,Ch,1,selected,selected,uint64_t,3,uint64_t;uint64_t;uint64_t,"uint64_t Ch(uint64_t x, uint64_t y, uint64_t z)","[{""count"": 16, ""max"": 15, ""min"": 0, ""name"": ""x"", ""type"": ""uint64_t"", ""values"": [0, 1, 2, 3, 4, 5, 6, 7, 8, 9, 10, 11, 12, 13, 14, 15]}, {""count"": 16, ""max"": 15, ""min"": 0, ""name"": ""y"", ""type"": ""uint64_t"", ""values"": [0, 1, 2, 3, 4, 5, 6, 7, 8, 9, 10, 11, 12, 13, 14, 15]}, {""count"": 16, ""max"": 15, ""min"": 0, ""name"": ""z"", ""type"": ""uint64_t"", ""values"": [0, 1, 2, 3, 4, 5, 6, 7, 8, 9, 10, 11, 12, 13, 14, 15]}]",4096,5d4c1a1937934de09b8982ccd69f1c4affd25fabaec5b4410e857b4406641589,11,1,0,0,0,0,3,0,0,0,1,0
72,2026070701,ccan,fallback,33,,junkcode/tterribe@email.unc.edu-nmbrthry/gcd.c,b179066ae5816a1fb31e7faa5afb58ef691020f27a3c8f0918392804543bde9b,ccan::junkcode_tterribe_email.unc.edu-nmbrthry_gcd.c::gcd::0001::f177f08f432b,gcd,1,selected,selected,int,2,int;int,"int gcd(int _a, int _b)","[{""count"": 64, ""max"": 31, ""min"": -32, ""name"": ""_a"", ""type"": ""int"", ""values"": [-32, -31, -30, -29, -28, -27, -26, -25, -24, -23, -22, -21, -20, -19, -18, -17, -16, -15, -14, -13, -12, -11, -10, -9, -8, -7, -6, -5, -4, -3, -2, -1, 0, 1, 2, 3, 4, 5, 6, 7, 8, 9, 10, 11, 12, 13, 14, 15, 16, 17, 18, 19, 20, 21, 22, 23, 24, 25, 26, 27, 28, 29, 30, 31]}, {""count"": 64, ""max"": 31, ""min"": -32, ""name"": ""_b"", ""type"": ""int"", ""values"": [-32, -31, -30, -29, -28, -27, -26, -25, -24, -23, -22, -21, -20, -19, -18, -17, -16, -15, -14, -13, -12, -11, -10, -9, -8, -7, -6, -5, -4, -3, -2, -1, 0, 1, 2, 3, 4, 5, 6, 7, 8, 9, 10, 11, 12, 13, 14, 15, 16, 17, 18, 19, 20, 21, 22, 23, 24, 25, 26, 27, 28, 29, 30, 31]}]",4096,48ccb4ffe9b4947e8b3fe68aecf2c44245e143a29d2cf671a3dceee1fa5b8501,11,4,2,1,0,0,0,2,0,2,1,0
73,2026070701,ccan,fallback,33,,ccan/crypto/sha512/sha512.c,8e10bd09e6abdaa27dcc7137e28f2f76ae91cb89c70fcb4e8bbeede78172e091,ccan::ccan_crypto_sha512_sha512.c::Maj::0002::4341925410a0,Maj,2,selected,selected,uint64_t,3,uint64_t;uint64_t;uint64_t,"uint64_t Maj(uint64_t x, uint64_t y, uint64_t z)","[{""count"": 16, ""max"": 15, ""min"": 0, ""name"": ""x"", ""type"": ""uint64_t"", ""values"": [0, 1, 2, 3, 4, 5, 6, 7, 8, 9, 10, 11, 12, 13, 14, 15]}, {""count"": 16, ""max"": 15, ""min"": 0, ""name"": ""y"", ""type"": ""uint64_t"", ""values"": [0, 1, 2, 3, 4, 5, 6, 7, 8, 9, 10, 11, 12, 13, 14, 15]}, {""count"": 16, ""max"": 15, ""min"": 0, ""name"": ""z"", ""type"": ""uint64_t"", ""values"": [0, 1, 2, 3, 4, 5, 6, 7, 8, 9, 10, 11, 12, 13, 14, 15]}]",4096,a0e690def7b562086501b46764fe9131ccc93c432edffc3bc53fbd38edc77cbe,11,1,0,0,0,0,4,0,0,0,1,0
74,2026070701,open62541,fallback,34,,src/server/ua_subscription_event.c,aabb82d12a2d835b856a1714db33d95f66ecc21ea43c6415a62080686d87585a,open62541::src_server_ua_subscription_event.c::UA_Ternary_not::0003::aee216f5c9c9,UA_Ternary_not,3,selected,selected,UA_Ternary,1,UA_Ternary,UA_Ternary UA_Ternary_not(UA_Ternary v),"[{""count"": 5, ""max"": 2, ""min"": -2, ""name"": ""v"", ""type"": ""UA_Ternary"", ""values"": [-2, -1, 0, 1, 2]}]",5,6093dc09c592fcef313f63d8a9ab4eccbe38324be9a4fdafe06e8fff80635d70,22,1,0,0,0,0,0,0,0,1,0,0
75,2026070701,open62541,fallback,34,,deps/mp_printf.c,806e693196fb89f06895852df05a47237be971cd88454263e9413c33455572a9,open62541::deps_mp_printf.c::is_digit_::0002::8633e37596f0,is_digit_,2,selected,selected,bool,1,char,bool is_digit_(char ch),"[{""count"": 128, ""max"": 127, ""min"": 0, ""name"": ""ch"", ""type"": ""char"", ""values"": [0, 1, 2, 3, 4, 5, 6, 7, 8, 9, 10, 11, 12, 13, 14, 15, 16, 17, 18, 19, 20, 21, 22, 23, 24, 25, 26, 27, 28, 29, 30, 31, 32, 33, 34, 35, 36, 37, 38, 39, 40, 41, 42, 43, 44, 45, 46, 47, 48, 49, 50, 51, 52, 53, 54, 55, 56, 57, 58, 59, 60, 61, 62, 63, 64, 65, 66, 67, 68, 69, 70, 71, 72, 73, 74, 75, 76, 77, 78, 79, 80, 81, 82, 83, 84, 85, 86, 87, 88, 89, 90, 91, 92, 93, 94, 95, 96, 97, 98, 99, 100, 101, 102, 103, 104, 105, 106, 107, 108, 109, 110, 111, 112, 113, 114, 115, 116, 117, 118, 119, 120, 121, 122, 123, 124, 125, 126, 127]}]",128,9614038a6c13d1819c267d90b742e8f331d61755fd708e51e808304d0c9de977,11,2,0,0,0,0,0,2,2,2,0,0
76,2026070701,pcre2,fallback,35,,src/pcre2_dftables.c,4105c76febf78f21975b90c2b6a0dc8cf580445852e08279c13ea9e3741615bc,pcre2::src_pcre2_dftables.c::identity::0001::d5225fef2444,identity,1,selected,selected,int,1,int,int identity(int c),"[{""count"": 128, ""max"": 63, ""min"": -64, ""name"": ""c"", ""type"": ""int"", ""values"": [-64, -63, -62, -61, -60, -59, -58, -57, -56, -55, -54, -53, -52, -51, -50, -49, -48, -47, -46, -45, -44, -43, -42, -41, -40, -39, -38, -37, -36, -35, -34, -33, -32, -31, -30, -29, -28, -27, -26, -25, -24, -23, -22, -21, -20, -19, -18, -17, -16, -15, -14, -13, -12, -11, -10, -9, -8, -7, -6, -5, -4, -3, -2, -1, 0, 1, 2, 3, 4, 5, 6, 7, 8, 9, 10, 11, 12, 13, 14, 15, 16, 17, 18, 19, 20, 21, 22, 23, 24, 25, 26, 27, 28, 29, 30, 31, 32, 33, 34, 35, 36, 37, 38, 39, 40, 41, 42, 43, 44, 45, 46, 47, 48, 49, 50, 51, 52, 53, 54, 55, 56, 57, 58, 59, 60, 61, 62, 63]}]",128,dc9c8e4060d1b54ce943f2bf8fdcdf2fb34126fa7e9f676a5f7c0ffea0b463b1,11,1,0,0,0,0,0,0,0,0,0,0
77,2026070701,libidn2,fallback,37,,lib/punycode.c,ae1520135f300eacd2edae3def0a44a95a56dc0e5f9b56b4ae907a308e430df2,libidn2::lib_punycode.c::encode_digit::0001::db84d723415b,encode_digit,1,selected,selected,char,2,uint32_t;int,"char encode_digit(uint32_t d, int flag)","[{""count"": 64, ""max"": 63, ""min"": 0, ""name"": ""d"", ""type"": ""uint32_t"", ""values"": [0, 1, 2, 3, 4, 5, 6, 7, 8, 9, 10, 11, 12, 13, 14, 15, 16, 17, 18, 19, 20, 21, 22, 23, 24, 25, 26, 27, 28, 29, 30, 31, 32, 33, 34, 35, 36, 37, 38, 39, 40, 41, 42, 43, 44, 45, 46, 47, 48, 49, 50, 51, 52, 53, 54, 55, 56, 57, 58, 59, 60, 61, 62, 63]}, {""count"": 64, ""max"": 31, ""min"": -32, ""name"": ""flag"", ""type"": ""int"", ""values"": [-32, -31, -30, -29, -28, -27, -26, -25, -24, -23, -22, -21, -20, -19, -18, -17, -16, -15, -14, -13, -12, -11, -10, -9, -8, -7, -6, -5, -4, -3, -2, -1, 0, 1, 2, 3, 4, 5, 6, 7, 8, 9, 10, 11, 12, 13, 14, 15, 16, 17, 18, 19, 20, 21, 22, 23, 24, 25, 26, 27, 28, 29, 30, 31]}]",4096,113a18fe9d978d207729cb9f4fb748b3ea5799f2eeac3637dcd3faaa5bd5df94,11,1,0,0,0,0,1,2,0,5,1,0
78,2026070701,libidn2,fallback,37,,lib/context.c,eaf575efad9a7bda45e9895c1cd68b52a080ddeb158fa45ecf2170d7cfa53604,libidn2::lib_context.c::_idn2_contexto_with_rule::0003::0792bc77a31d,_idn2_contexto_with_rule,3,selected,selected,bool,1,uint32_t,bool _idn2_contexto_with_rule(uint32_t cp),"[{""count"": 128, ""max"": 127, ""min"": 0, ""name"": ""cp"", ""type"": ""uint32_t"", ""values"": [0, 1, 2, 3, 4, 5, 6, 7, 8, 9, 10, 11, 12, 13, 14, 15, 16, 17, 18, 19, 20, 21, 22, 23, 24, 25, 26, 27, 28, 29, 30, 31, 32, 33, 34, 35, 36, 37, 38, 39, 40, 41, 42, 43, 44, 45, 46, 47, 48, 49, 50, 51, 52, 53, 54, 55, 56, 57, 58, 59, 60, 61, 62, 63, 64, 65, 66, 67, 68, 69, 70, 71, 72, 73, 74, 75, 76, 77, 78, 79, 80, 81, 82, 83, 84, 85, 86, 87, 88, 89, 90, 91, 92, 93, 94, 95, 96, 97, 98, 99, 100, 101, 102, 103, 104, 105, 106, 107, 108, 109, 110, 111, 112, 113, 114, 115, 116, 117, 118, 119, 120, 121, 122, 123, 124, 125, 126, 127]}]",128,4431643d91b83778406d7e03f6f01cc004acb6fb92a22b5e3bf08a268096d057,11,26,25,0,1,0,0,0,0,25,0,1
79,2026070701,freetype,fallback,38,,src/sfnt/sfdriver.c,3e9539a19862ffd28b04f9f2a134987bc8d03ec556af10ed89f238380e63d1f1,freetype::src_sfnt_sfdriver.c::sfnt_is_postscript::0001::16ffdef831c9,sfnt_is_postscript,1,selected,selected,int,1,int,int sfnt_is_postscript(int c),"[{""count"": 128, ""max"": 63, ""min"": -64, ""name"": ""c"", ""type"": ""int"", ""values"": [-64, -63, -62, -61, -60, -59, -58, -57, -56, -55, -54, -53, -52, -51, -50, -49, -48, -47, -46, -45, -44, -43, -42, -41, -40, -39, -38, -37, -36, -35, -34, -33, -32, -31, -30, -29, -28, -27, -26, -25, -24, -23, -22, -21, -20, -19, -18, -17, -16, -15, -14, -13, -12, -11, -10, -9, -8, -7, -6, -5, -4, -3, -2, -1, 0, 1, 2, 3, 4, 5, 6, 7, 8, 9, 10, 11, 12, 13, 14, 15, 16, 17, 18, 19, 20, 21, 22, 23, 24, 25, 26, 27, 28, 29, 30, 31, 32, 33, 34, 35, 36, 37, 38, 39, 40, 41, 42, 43, 44, 45, 46, 47, 48, 49, 50, 51, 52, 53, 54, 55, 56, 57, 58, 59, 60, 61, 62, 63]}]",128,13f4ecd51a090f8d7b9510e5d47dd80a545a7afaa4e202ae1cbaeef4b86d66df,11,3,1,0,0,1,4,2,0,6,0,0
80,2026070701,freetype,fallback,38,,src/sfnt/pngshim.c,c6eab902d978bee5907911dae15783a3600ed61f777160e227af062840e65fe5,freetype::src_sfnt_pngshim.c::multiply_alpha::0001::69542fe3163c,multiply_alpha,1,selected,selected,unsigned int,2,unsigned int;unsigned int,"unsigned int multiply_alpha(unsigned int alpha, unsigned int color)","[{""count"": 64, ""max"": 63, ""min"": 0, ""name"": ""alpha"", ""type"": ""unsigned int"", ""values"": [0, 1, 2, 3, 4, 5, 6, 7, 8, 9, 10, 11, 12, 13, 14, 15, 16, 17, 18, 19, 20, 21, 22, 23, 24, 25, 26, 27, 28, 29, 30, 31, 32, 33, 34, 35, 36, 37, 38, 39, 40, 41, 42, 43, 44, 45, 46, 47, 48, 49, 50, 51, 52, 53, 54, 55, 56, 57, 58, 59, 60, 61, 62, 63]}, {""count"": 64, ""max"": 63, ""min"": 0, ""name"": ""color"", ""type"": ""unsigned int"", ""values"": [0, 1, 2, 3, 4, 5, 6, 7, 8, 9, 10, 11, 12, 13, 14, 15, 16, 17, 18, 19, 20, 21, 22, 23, 24, 25, 26, 27, 28, 29, 30, 31, 32, 33, 34, 35, 36, 37, 38, 39, 40, 41, 42, 43, 44, 45, 46, 47, 48, 49, 50, 51, 52, 53, 54, 55, 56, 57, 58, 59, 60, 61, 62, 63]}]",4096,2e6ccd7ed5e32c05d5b521f963861a22700db0ceab057e9c85745916f3071082,11,1,0,0,0,0,2,0,0,3,1,0
