baseline,time_s,detection_rate,status
libFuzzer,0.01,0.0,not_run_blocked
libFuzzer,0.1,0.0,not_run_blocked
libFuzzer,1.0,0.0,not_run_blocked
libFuzzer,5.0,0.0,not_run_blocked
KLEE,0.1,0.0,not_run_blocked
KLEE,0.1,0.0,not_run_blocked
KLEE,0.1,0.0,not_run_blocked
KLEE,0.1,0.0,not_run_blocked
KLEE,1.0,0.0,not_run_blocked
KLEE,1.0,0.0,not_run_blocked
KLEE,1.0,0.0,not_run_blocked
KLEE,1.0,0.0,not_run_blocked
KLEE,5.0,0.0,not_run_blocked
KLEE,5.0,0.0,not_run_blocked
KLEE,5.0,0.0,not_run_blocked
KLEE,5.0,0.0,not_run_blocked
